relative_path,bytes,sha256,classification,target,disposition,provenance_rule
AI-VISIBILITY-REPORT-DRAFT-2026.md,27131,14a0813e1679d3735fab1081327c862ad25e4cae76bae0a623e88440fd5b0a20,proof inventory,evidence,KEEP_SOURCE,"preserve source path, SHA-256, source URL/date fields, and original status"
AI-VISIBILITY-REPORT-OUTLINE-2026.md,2701,83223905003b5af0ed3f8def99dae6440df95ef0cebe9d4fa74d52e7f124a1f3,proof inventory,evidence,KEEP_SOURCE,"preserve source path, SHA-256, source URL/date fields, and original status"
approvals/BRIDGEWORKS-WEBSITE-CLAIM-CORRECTION-PACKET-2026-07-14.md,7368,0d742c35f6c2705c90485ed9bcfc30c0fe4c3e413c668dd0b65ae94496b4afc8,approval packet,approvals,IMPORT_RECONCILED,"preserve source path, SHA-256, source URL/date fields, and original status"
approvals/LANE-A-FIRST-CONTACT-APPROVAL-PACKET-2026-07-14.md,13799,e8721d5ab3611587fff7977988c14b44627a0c66b8faf0a86715c15bdde8d189,approval packet,approvals,IMPORT_RECONCILED,"preserve source path, SHA-256, source URL/date fields, and original status"
approvals/NO-OWNED-SITE-OUTREACH-PACKET-2026-07-14.md,3884,ded47164e9719030680f1ac12c7d7dcfb24a9c539ec89cd6607aca4e4b4ddf43,approval packet,approvals,IMPORT_RECONCILED,"preserve source path, SHA-256, source URL/date fields, and original status"
approvals/OUTREACH-APPROVAL-PACKET-2026-07-14.md,5452,61bc33db28aa11f387533b7b4bc30b3659367c6984ac7995c5dd9580f1d0d780,approval packet,approvals,IMPORT_RECONCILED,"preserve source path, SHA-256, source URL/date fields, and original status"
approvals/WEEK-ONE-CONSOLIDATED-REVIEW-2026-07-14.md,9745,1b5d12ef3e42be26664cf18373aaef93b78e69c81247b941345d8a3342758a37,approval packet,approvals,IMPORT_RECONCILED,"preserve source path, SHA-256, source URL/date fields, and original status"
approvals/WEEK-ONE-LINKEDIN-PUBLISH-BUNDLES-2026-07-14.md,4678,5db8a0f5b70a5ac1c47e2e55c07efdd5fb1e8f16c96d8020fe633f607c0d38d4,approval packet,approvals,IMPORT_RECONCILED,"preserve source path, SHA-256, source URL/date fields, and original status"
approvals/WEEK-ONE-RELATIONSHIP-AND-REFERRAL-PACKET-2026-07-14.md,7928,46a28c6d63f9ee6b67cefbe0be6f556f2ef58175e33ef28517ac4b27c9b09639,approval packet,approvals,IMPORT_RECONCILED,"preserve source path, SHA-256, source URL/date fields, and original status"
ASSET-MANIFEST-2026-07-15.md,1977,fefccce8f0711dc40a90c9317c212333c09b1afbad3cde70312de2e55afbbc3b,proof inventory,evidence,KEEP_SOURCE,"preserve source path, SHA-256, source URL/date fields, and original status"
CEEFM-PROOF-INVENTORY-2026-07-14.md,3517,7797bcd67ceb7dc816615a9e8a6abc962c060dbf7ca9639935e8986b6acb3acd,proof inventory,evidence,KEEP_SOURCE,"preserve source path, SHA-256, source URL/date fields, and original status"
CEEFM-PROOF-MODULES-2026-07-14.md,3422,b05655ed78ed66525aaa627c555ffd11e057071fae2ab0c570ef636df04f42d3,proof inventory,evidence,KEEP_SOURCE,"preserve source path, SHA-256, source URL/date fields, and original status"
CONTENT-CHANNEL-INVENTORY-2026-07-14.md,3693,bc5ea3026464e459c07550422cc005f6de15d97efbeb0605c7ed4936129d7bf3,reporting,learning,KEEP_SOURCE,"preserve source path, SHA-256, source URL/date fields, and original status"
CONTENT-PIPELINE-2026-07-14.md,5688,6fff15c2e8ba6c0eee1b91d9849389b4ee51d4e2384a358f17f47da27cf08f8b,reporting,learning,KEEP_SOURCE,"preserve source path, SHA-256, source URL/date fields, and original status"
content/WEEK-01-AUTHORITY-QUEUE-2026-07-20.md,13039,cbd09cb3f2dcfab6dac7586bf87755b58254dc871107e90efde145bf1c973784,reporting,learning,KEEP_SOURCE,"preserve source path, SHA-256, source URL/date fields, and original status"
CURRENT-STATE-AUDIT-2026-07-14.md,13973,5a0f76d938ea1137b4e03e4d79dc7a24c4c84e8885f2a04f69c19d272b3eae88,historical artifact,learning,LEARNING_ARCHIVE,"preserve source path, SHA-256, source URL/date fields, and original status"
EXPANDED-PROSPECT-VERIFICATION-2026-07-14.md,4740,16ce84f60f2a9c256642da48b64011ad72cb765e4b96b61563e426480556e5e4,research evidence,evidence,KEEP_SOURCE,"preserve source path, SHA-256, source URL/date fields, and original status"
MARKET-MONEY-DISCOURSE-OPERATING-BRIEF-2026-08-01.md,8285,265ef73e0ff85706a5999e7e29784307ffabbba535baf33352ecd49d1c9d7a85,trigger discovery,acquisition,KEEP_SOURCE,"preserve source path, SHA-256, source URL/date fields, and original status"
offers/PAID-AI-READINESS-DIAGNOSTIC-OUTLINE-2026-07-15.md,12768,dcda7ccad8704135eb75a11c11588bc88f3a26af48b3d2c2a33a85dbbcfd41d6,diagnostic selection,opportunities,IMPORT_RECONCILED,"preserve source path, SHA-256, source URL/date fields, and original status"
ORCHESTRATOR-RUNBOOK-2026-07-16.md,9167,1e41f4dcb0dccb81f46ec36cddfc0cb05360af29e9a6de9370cb768a7bbd3e2e,automation/scheduling,control,SUPERSEDED_AFTER_MIGRATION,"preserve source path, SHA-256, source URL/date fields, and original status"
orchestrator-schedule.json,2961,3a70dbb3f99bfbebe8421cdd118c60d4ac17f7c3fddb8774a80f9d3a59ab457c,automation/scheduling,control,SUPERSEDED_AFTER_MIGRATION,"preserve source path, SHA-256, source URL/date fields, and original status"
output/pdf/BridgeWorks-CEEFM-Case-Study-2026-DRAFT.pdf,90958,64b8ba2650646fb565ff9e51672fff7915400eeb33a9817cc628bff2a6049dca,generated/transient output,learning,REGENERATE_DERIVATIVE,"preserve source path, SHA-256, source URL/date fields, and original status"
output/pdf/BridgeWorks-Small-Business-AI-Visibility-Report-2026-DRAFT.pdf,116189,0e50225091f8c8a7cf73a793c8a599dd9564071115e992e35343611c6947afed,generated/transient output,learning,REGENERATE_DERIVATIVE,"preserve source path, SHA-256, source URL/date fields, and original status"
output/social/week-01/BridgeWorks-LinkedIn-AI-Visibility-Report-2026-REVIEW.png,113086,397d96bdefb1236f5907759cdb13afd93beec80bce355c893315ac4f3e2fb393,generated/transient output,learning,REGENERATE_DERIVATIVE,"preserve source path, SHA-256, source URL/date fields, and original status"
output/social/week-01/BridgeWorks-LinkedIn-CEEFM-16-to-77-REVIEW.png,92103,5b438906da31cea4dbbc0bcbb6a3362755074d7f60f76cc110995544931a2b2b,generated/transient output,learning,REGENERATE_DERIVATIVE,"preserve source path, SHA-256, source URL/date fields, and original status"
outputs/019fbc62-d3a4-77a3-845e-8b0b145befb7/BridgeWorks-Market-Money-Discourse-Radar-2026-08-01.xlsx,29983,d8f717aef9494a181e74b071bc43c223dc5df2d04fa9349061243d14ac9b9d59,generated/transient output,learning,REGENERATE_DERIVATIVE,"preserve source path, SHA-256, source URL/date fields, and original status"
outputs/019fbc62-d3a4-77a3-845e-8b0b145befb7/BridgeWorks-Market-Money-Discourse-Radar-2026-08-01.xlsx.inspect.ndjson,331498,6df5385b4e82c67986728a5489a9e32ecea85fed3a199136f03fd39e52a40c30,generated/transient output,learning,REGENERATE_DERIVATIVE,"preserve source path, SHA-256, source URL/date fields, and original status"
outputs/019fbc62-d3a4-77a3-845e-8b0b145befb7/build/build_market_radar.mjs,36731,956b6a03df9612b55797c3a586b391e83cd4b617cb1e309509157c5404f181fd,generated/transient output,adapters,REGENERATE_DERIVATIVE,"preserve source path, SHA-256, source URL/date fields, and original status"
outputs/019fbc62-d3a4-77a3-845e-8b0b145befb7/build/previews/dashboard.png,149021,8b09ee1069ca738bd6dac7197794eb19c23d54b50bde4b81629b48f3e7ddabe2,generated/transient output,learning,REGENERATE_DERIVATIVE,"preserve source path, SHA-256, source URL/date fields, and original status"
outputs/019fbc62-d3a4-77a3-845e-8b0b145befb7/build/previews/discourse.png,193627,e130b06de2cde945bd53b07d4b72bf4ce936d67224ffa8560ae0083d7df0e399,generated/transient output,learning,REGENERATE_DERIVATIVE,"preserve source path, SHA-256, source URL/date fields, and original status"
outputs/019fbc62-d3a4-77a3-845e-8b0b145befb7/build/previews/market-radar.png,171981,c037befa98da710a5b4ba8507ae2982108b1c37c96a80e121e1c87a809bdfa19,generated/transient output,learning,REGENERATE_DERIVATIVE,"preserve source path, SHA-256, source URL/date fields, and original status"
outputs/019fbc62-d3a4-77a3-845e-8b0b145befb7/build/previews/money-signals.png,278421,370ccee297971b8ba60c5e5a096d7c158e40e33483064945bfdc10aacf893f41,generated/transient output,learning,REGENERATE_DERIVATIVE,"preserve source path, SHA-256, source URL/date fields, and original status"
outputs/019fbc62-d3a4-77a3-845e-8b0b145befb7/build/previews/settings.png,57700,232c5284cfd1a1258c844e0b4a850d09b72ba4b4d71ce7c471a523fc7eb22e2b,generated/transient output,learning,REGENERATE_DERIVATIVE,"preserve source path, SHA-256, source URL/date fields, and original status"
outputs/019fbc62-d3a4-77a3-845e-8b0b145befb7/build/previews/source-register.png,205994,066bdb2ad6313cf761647836907d3312e31111293bfeec829ad914d0f36625f3,generated/transient output,learning,REGENERATE_DERIVATIVE,"preserve source path, SHA-256, source URL/date fields, and original status"
outputs/019fbc62-d3a4-77a3-845e-8b0b145befb7/build/previews/trigger-playbook.png,146803,11612022fa6635a0279b92827c40759257f2ff897897ebf8b539bcf0129ea358,generated/transient output,learning,REGENERATE_DERIVATIVE,"preserve source path, SHA-256, source URL/date fields, and original status"
OUTREACH-QUEUE-REASSESSMENT-2026-08-02.md,6881,1a709976cfd14b3d79ace4d16bea697c3a62108e3ede44dc6a246628af4e3cdb,reporting,learning,KEEP_SOURCE,"preserve source path, SHA-256, source URL/date fields, and original status"
PROSPECT-FRAMEWORK-RECONCILIATION-2026-08-02.md,3266,20dfb9a2f2282d83a66989f57ed02b69f4c4069b4a81f648725f2a989f9ad469,market/ICP logic,acquisition,KEEP_SOURCE,"preserve source path, SHA-256, source URL/date fields, and original status"
PROSPECTING-CAPABILITY-ORCHESTRATION-AUDIT-2026-08-01.md,33995,c927783b187a145bdf0bfe1d168189fe8e5abffcf4aab4f114fb35b71f042b00,routing,opportunities,SUPERSEDED_AFTER_MIGRATION,"preserve source path, SHA-256, source URL/date fields, and original status"
PROSPECTING-OUTREACH-OPERATING-SYSTEM-2026-07-26.md,12670,a0fce09f2dabbf0190f2d632b9377fa7bd5b61954e50225f68242f010439104c,market/ICP logic,acquisition,KEEP_SOURCE,"preserve source path, SHA-256, source URL/date fields, and original status"
public-proof/AI-VISIBILITY-REPORT-PUBLIC-ANONYMIZED-2026.md,26940,55d19f5df062306a9c7375859f7d088b2f50fb832b9e5cb959a79e10c41316ba,proof inventory,evidence,KEEP_SOURCE,"preserve source path, SHA-256, source URL/date fields, and original status"
public-proof/ANONYMIZATION-STANDARD-2026-07-16.md,1504,e365e907797fb04d32ccb3cb080980653e7f32f91326c2b761a05d2b9bd7b7d6,proof inventory,evidence,KEEP_SOURCE,"preserve source path, SHA-256, source URL/date fields, and original status"
public-proof/CASE-STUDY-CENTRAL-EUROPEAN-B2B-SERVICES-2026.md,5798,4fbc217dbaeb84ae4435b64f72c098a95f95054b6d17374ecd67f6b58fae55d7,proof inventory,evidence,KEEP_SOURCE,"preserve source path, SHA-256, source URL/date fields, and original status"
public-proof/output/BridgeWorks-AI-Visibility-Report-2026-PUBLIC-ANONYMIZED.pdf,115155,426ed8a52b8925da2e14ebba6497cf954cefb27a61a4622ac7fa1ad34553948f,generated/transient output,learning,REGENERATE_DERIVATIVE,"preserve source path, SHA-256, source URL/date fields, and original status"
public-proof/output/BridgeWorks-Anonymized-B2B-Services-Case-Study-2026.pdf,90907,217fe9a55f3fee0a32eb8496f1e1f7693f2ade29a777d25918e6deb4aff96dc4,generated/transient output,learning,REGENERATE_DERIVATIVE,"preserve source path, SHA-256, source URL/date fields, and original status"
public-proof/output/BridgeWorks-Anonymized-B2B-Services-Case-Study-2026.png,255332,35f67bba157474412453439e7efc179b3890216e9c933ad1a969f2833d4c075f,generated/transient output,learning,REGENERATE_DERIVATIVE,"preserve source path, SHA-256, source URL/date fields, and original status"
public-proof/PROOF-MODULES-ANONYMIZED-2026.md,3613,8fc86f666029c065f38e7aed245c9ba1ef5948b60fe832bf9273bb63f9bf83d9,proof inventory,evidence,KEEP_SOURCE,"preserve source path, SHA-256, source URL/date fields, and original status"
public-proof/PUBLICATION-PACKET-ANONYMIZED-2026-07-16.md,2165,7a11bceb231ace2ab91b159370b8bc41228ad214357db0dbed33fd1283ca6b63,proof inventory,evidence,KEEP_SOURCE,"preserve source path, SHA-256, source URL/date fields, and original status"
public-proof/README.md,1356,882a17e14ce9a3f8ba40f46be19600140c25f9a1ecbbbc61c926f0a4d003f8ac,proof inventory,evidence,KEEP_SOURCE,"preserve source path, SHA-256, source URL/date fields, and original status"
README.md,11274,c92bc7b7b0e8062fca638f66e03d4ae514a3685373de25326c3fbc83f62cb0b4,reporting,learning,KEEP_SOURCE,"preserve source path, SHA-256, source URL/date fields, and original status"
research/ai-visibility-evidence-dataset-2026-07-14.csv,3858,77e07345a819706801553312a04b59327e7832fae26ba935fee2dc9f03d74ef2,research evidence,evidence,KEEP_SOURCE,"preserve source path, SHA-256, source URL/date fields, and original status"
research/AI-VISIBILITY-METHODOLOGY-V1-2026-07-14.md,7928,c78a6938174d7690cb19be9191a8794ce6411e997d7713cd72e9cc692b38529a,research evidence,evidence,KEEP_SOURCE,"preserve source path, SHA-256, source URL/date fields, and original status"
research/BRIDGEWORKS-WEBSITE-SOURCE-MAP-2026-07-14.md,6884,2a93c5c92f71d98a5ca8b31b6defd04ac9826bdca38f99aa14844f5a6d646178,research evidence,evidence,KEEP_SOURCE,"preserve source path, SHA-256, source URL/date fields, and original status"
research/LANE-A-OBSERVATION-BANK-2026-07-14.md,7025,7ec683fcc5ddd19599c784442e9699c47b1a16e39ce84a23372e5d35843c3074,research evidence,evidence,KEEP_SOURCE,"preserve source path, SHA-256, source URL/date fields, and original status"
research/prospect-operations/batches/2026-07-23-batch-01.json,7101,b94defc5b701538f3d1ff3d491680497d1ff7f34f5f05c8ba0cf16a38346d304,historical artifact,learning,LEARNING_ARCHIVE,"preserve source path, SHA-256, source URL/date fields, and original status"
research/prospect-operations/batches/2026-07-23-batch-01.md,5434,656dedf6d2a5aebf4ddfe729bef7d5ae68a072cd6455dbd1ade294ad1602e565,historical artifact,learning,LEARNING_ARCHIVE,"preserve source path, SHA-256, source URL/date fields, and original status"
research/prospect-operations/batches/2026-07-24-batch-01.json,2830,b721c2da479133df9f8c7f39a82488b13edd7c719b1ab9296abf1b3318495741,historical artifact,learning,LEARNING_ARCHIVE,"preserve source path, SHA-256, source URL/date fields, and original status"
research/prospect-operations/batches/2026-07-24-batch-01.md,2028,e2379c15a8872289a3d94ab6e2526466c14746b3580521a0a18c80ad63fb2523,historical artifact,learning,LEARNING_ARCHIVE,"preserve source path, SHA-256, source URL/date fields, and original status"
research/prospect-operations/batches/2026-07-26-batch-01.json,7813,4bdd306eab02def2b0e6fa98d1e667cc0c2458d9c637d32e22abfe9235b6c710,historical artifact,learning,LEARNING_ARCHIVE,"preserve source path, SHA-256, source URL/date fields, and original status"
research/prospect-operations/batches/2026-07-26-batch-01.md,6295,e86b8502eb650daa5703d665622ed99a3d608c4d29ff65b695c9d981d0e9d13c,historical artifact,learning,LEARNING_ARCHIVE,"preserve source path, SHA-256, source URL/date fields, and original status"
research/prospect-operations/batches/2026-07-27-batch-01.json,11931,f5f2a3b6acb3e706fa8184ec8bf058d6072433dec843aa898cc5776361ca9a83,historical artifact,learning,LEARNING_ARCHIVE,"preserve source path, SHA-256, source URL/date fields, and original status"
research/prospect-operations/batches/2026-07-27-batch-01.md,9578,052162bfa16ae8a7a2f328d20b2d1360b0af3c23187398a33f2113dc197ee889,historical artifact,learning,LEARNING_ARCHIVE,"preserve source path, SHA-256, source URL/date fields, and original status"
research/prospect-operations/batches/2026-07-28-batch-01.json,15566,87127e3cde08ec8f37251daeb3fe4d6e16b27d020aab5a791e9cfc3f85af039b,historical artifact,learning,LEARNING_ARCHIVE,"preserve source path, SHA-256, source URL/date fields, and original status"
research/prospect-operations/batches/2026-07-28-batch-01.md,11982,312edfde84d155463066840ded2fa4ec8ff6beed01cfdbadcf79ba3755ecb6a6,historical artifact,learning,LEARNING_ARCHIVE,"preserve source path, SHA-256, source URL/date fields, and original status"
research/prospect-operations/batches/2026-07-31-batch-01.json,17672,15e72ef3eaa56a6e05ef0e19895a2af3f3b9437ad8633b06e2d75dd0dc94a4d6,historical artifact,learning,LEARNING_ARCHIVE,"preserve source path, SHA-256, source URL/date fields, and original status"
research/prospect-operations/batches/2026-07-31-batch-01.md,13694,717b4291ef763e1e1aa28c23d89d17ec54d6c0f47008b7ee305a73db2abd510f,historical artifact,learning,LEARNING_ARCHIVE,"preserve source path, SHA-256, source URL/date fields, and original status"
research/prospect-operations/batches/2026-08-01-batch-01.json,11996,3f110f679e083b6e971805a1e528e4140512e2b9682b616e962a037726912c7e,historical artifact,learning,LEARNING_ARCHIVE,"preserve source path, SHA-256, source URL/date fields, and original status"
research/prospect-operations/batches/2026-08-01-batch-01.md,9448,8cf8b1991e8bc33bf2b65498216cb00d8905778cae6a217e47290a68c08267f8,historical artifact,learning,LEARNING_ARCHIVE,"preserve source path, SHA-256, source URL/date fields, and original status"
research/prospect-operations/batches/2026-08-03-batch-01.json,7699,2e750ef6b1cb855182989021fd1bfe7dd1746e6c1b4e0cf5e96bf153979ae6f5,historical artifact,learning,LEARNING_ARCHIVE,"preserve source path, SHA-256, source URL/date fields, and original status"
research/prospect-operations/batches/2026-08-03-batch-01.md,5998,235edbf713a81d5e210d1a7eeac7744b40b5be528a7ec9745e0d048ca069f5dd,historical artifact,learning,LEARNING_ARCHIVE,"preserve source path, SHA-256, source URL/date fields, and original status"
research/prospect-operations/batches/2026-08-05-batch-01.json,17461,7a37aa815cd1e6d7b0606b9f9b81c25332dcb75b9a4f46da658541b06b79613d,historical artifact,learning,LEARNING_ARCHIVE,"preserve source path, SHA-256, source URL/date fields, and original status"
research/prospect-operations/batches/2026-08-05-batch-01.md,13690,ea7601bb8df5a51acd91b0c860454dd120312507a41828467ae6ecf11970e6fc,historical artifact,learning,LEARNING_ARCHIVE,"preserve source path, SHA-256, source URL/date fields, and original status"
research/prospect-operations/imports/2026-07-25-drive-live-tracker-candidates.json,9411,94d0cf2691e92a3b26c71111430f77680bf0b05431acca1a10bab803c6c10d50,trigger discovery,acquisition,KEEP_SOURCE,"preserve source path, SHA-256, source URL/date fields, and original status"
research/prospect-operations/imports/2026-07-28-discovery-refill.json,10253,bb38126a58e3c9f94b057545c10f0c49681e35fc87bc3f2bcba1f9770c7226be,trigger discovery,acquisition,KEEP_SOURCE,"preserve source path, SHA-256, source URL/date fields, and original status"
research/prospect-operations/imports/2026-07-30-discovery-refill.json,12490,f76b635be3204b25937035c0a37b67e3090781bc2ab8779a3272244d2280379b,trigger discovery,acquisition,KEEP_SOURCE,"preserve source path, SHA-256, source URL/date fields, and original status"
research/prospect-operations/imports/2026-08-02-framework-refill.json,15011,a358f54bd1e42cb771892716936375a00eed0f3364275e4807957f3a389f9fd0,trigger discovery,acquisition,KEEP_SOURCE,"preserve source path, SHA-256, source URL/date fields, and original status"
research/prospect-operations/imports/2026-08-04-discovery-refill.json,12382,007005d626e722b3a985e8c1b24007c10649559a60b9493b0cb1320a387b2734,trigger discovery,acquisition,KEEP_SOURCE,"preserve source path, SHA-256, source URL/date fields, and original status"
research/prospect-operations/imports/2026-08-10-discovery-refill.json,13043,5e2ec34ca12a608aa6c8cf2fed7c9b9f0f2489e1442ed3bffe72166ed47f44ed,trigger discovery,acquisition,KEEP_SOURCE,"preserve source path, SHA-256, source URL/date fields, and original status"
research/prospect-operations/live-source-snapshot-2026-07-26.json,5419,663bc9295df5b3f8ea1c54578403412727d10203b741e66544c11db58e35e352,historical artifact,learning,LEARNING_ARCHIVE,"preserve source path, SHA-256, source URL/date fields, and original status"
research/prospect-operations/operating-output/budbed-three-fixes-response-pack-2026-07-30.md,2746,65c6f980ca786f0ffcc452fa4aca0d909bef74e0eee1177f7fe2881d8222c20d,outreach preparation,opportunities,SUPERSEDED_AFTER_MIGRATION,"preserve source path, SHA-256, source URL/date fields, and original status"
research/prospect-operations/operating-output/build-manifest.json,1552,08669c50e22815165593fc01e90876cd45122d829d5f40b441af114762b34137,reporting,learning,KEEP_SOURCE,"preserve source path, SHA-256, source URL/date fields, and original status"
research/prospect-operations/operating-output/campaign-ready-batch.csv,14533,b2e606ffc5bf3a839fdb58139ee5caad532a26c844af4fc7ee30c82efd022b60,outreach preparation,opportunities,SUPERSEDED_AFTER_MIGRATION,"preserve source path, SHA-256, source URL/date fields, and original status"
research/prospect-operations/operating-output/canonical-prospect-register.csv,31828,fb048a66053622fdea54f9fad9f64663330fcbeb93b96fa18622a451f2e1d8c8,canonical prospect data,acquisition,IMPORT_RECONCILED,"preserve source path, SHA-256, source URL/date fields, and original status"
research/prospect-operations/operating-output/firstclean-three-fixes-response-pack-2026-07-27.md,3572,f70d7434ad609f310439bef064409713220088d7242f8433854aef795efeaf95,outreach preparation,opportunities,SUPERSEDED_AFTER_MIGRATION,"preserve source path, SHA-256, source URL/date fields, and original status"
research/prospect-operations/operating-output/homever-three-fixes-response-pack-2026-07-27.md,3520,a1bef08e11f9b37118bd497733778f59fa8a73413af542817fbd5687d8f9153a,outreach preparation,opportunities,SUPERSEDED_AFTER_MIGRATION,"preserve source path, SHA-256, source URL/date fields, and original status"
research/prospect-operations/operating-output/hubspot-companies-import-preview.csv,3341,5bdaa32cde24366b5f347773c4f313562e1a2619e00c3a7e774b6fdb3424a2cd,outreach preparation,opportunities,SUPERSEDED_AFTER_MIGRATION,"preserve source path, SHA-256, source URL/date fields, and original status"
research/prospect-operations/operating-output/hubspot-contacts-import-preview.csv,1360,34198f52ff2cf18adcdc63564cdae6e5acdbf1e06b4c5fd6e3c6d77a4c86e006,outreach preparation,opportunities,SUPERSEDED_AFTER_MIGRATION,"preserve source path, SHA-256, source URL/date fields, and original status"
research/prospect-operations/operating-output/immediate-existing-prospect-batch-2026-07-26.md,33024,5e41a25c3b1e7997c31dddd41ee64edb21588a7885412dfbd15c87658861168a,outreach preparation,opportunities,SUPERSEDED_AFTER_MIGRATION,"preserve source path, SHA-256, source URL/date fields, and original status"
research/prospect-operations/operating-output/loffice-three-fixes-response-pack-2026-07-30.md,2698,0d0c1510970fbd5ef8dfe8960c23e9257c1d7cc3563c043e85ca1a1e84073964,outreach preparation,opportunities,SUPERSEDED_AFTER_MIGRATION,"preserve source path, SHA-256, source URL/date fields, and original status"
research/prospect-operations/operating-output/premier-three-fixes-response-pack-2026-07-26.md,3835,d69a07cbf19d70b76b3d8f6902e65b55dfed10e2f5639cd2312f0592ea11d4c8,outreach preparation,opportunities,SUPERSEDED_AFTER_MIGRATION,"preserve source path, SHA-256, source URL/date fields, and original status"
research/prospect-operations/operating-output/README.md,1019,15fc024ab1eb7ef5d8505c20c6e7460d5b201ea9d6fbcc2ece50be5425ceae30,reporting,learning,KEEP_SOURCE,"preserve source path, SHA-256, source URL/date fields, and original status"
research/prospect-operations/operating-output/rentify-three-fixes-response-pack-2026-07-26.md,4116,5c97476269ea3340a7ec3430e3c4137369f8228e154c11f06ed09dc27a89f405,outreach preparation,opportunities,SUPERSEDED_AFTER_MIGRATION,"preserve source path, SHA-256, source URL/date fields, and original status"
research/prospect-operations/operating-output/weekly-conversion-report.md,1161,dde330acc2110224f529366856e189867d0f70d4bdd70c964975a7deec6fdbae,reporting,learning,KEEP_SOURCE,"preserve source path, SHA-256, source URL/date fields, and original status"
research/prospect-operations/prospect-research-events.jsonl,10501,0cbb35bc6f12249d9591cfbb5cbc9ff2a0659c79ba4371fd0a15cda74f175a24,automation/scheduling,control,SUPERSEDED_AFTER_MIGRATION,"preserve source path, SHA-256, source URL/date fields, and original status"
research/prospect-operations/prospect-research-state.json,29162,ec760b2e848c93a771101f72b11d683eb958008d2fdb2454049688f6494607e8,canonical prospect data,control,IMPORT_RECONCILED,"preserve source path, SHA-256, source URL/date fields, and original status"
research/prospect-operations/prospect-source-current.csv,75131,a1754e31ec10c095cabe2be39ed5b1415aa38929569551b51fcca6d7d182ccf9,canonical prospect data,acquisition,IMPORT_RECONCILED,"preserve source path, SHA-256, source URL/date fields, and original status"
research/prospect-operations/README.md,3822,04501f0af736c423ed8b8be67a0ee1d4017dbac47416db0d1638aac5b0b1c171,automation/scheduling,control,SUPERSEDED_AFTER_MIGRATION,"preserve source path, SHA-256, source URL/date fields, and original status"
research/prospect-operations/results/2026-07-23-batch-01-results.json,11785,cb76f991565a319545c11cd0967145e98ba75834e06ead22a7fd39c869990fb1,research evidence,evidence,KEEP_SOURCE,"preserve source path, SHA-256, source URL/date fields, and original status"
research/prospect-operations/results/2026-07-24-batch-01-results.json,3651,db800e3dcd1e9cbdeee94b2143f0f4946b38a8d3506c0516b593cf59646dde62,research evidence,evidence,KEEP_SOURCE,"preserve source path, SHA-256, source URL/date fields, and original status"
research/prospect-operations/results/2026-07-27-batch-01-results.json,24838,e9320663a3d4d04bcea84311c129148763979240a9debe57314418c8fc66e3fe,research evidence,evidence,KEEP_SOURCE,"preserve source path, SHA-256, source URL/date fields, and original status"
research/prospect-operations/results/2026-07-28-batch-01-results.json,24287,d0f4343f85d3282e83b2f44cc4502fd94f187820560ac5d812b97aa06cdf8d75,research evidence,evidence,KEEP_SOURCE,"preserve source path, SHA-256, source URL/date fields, and original status"
research/prospect-operations/results/2026-07-31-batch-01-results.json,22980,cba0cc66833ea49d55824c56e2cc29c2e4ef1258f9cad19a35fdd48a803d2013,research evidence,evidence,KEEP_SOURCE,"preserve source path, SHA-256, source URL/date fields, and original status"
research/prospect-operations/results/2026-08-03-batch-01-results.json,13246,a1c26146437d0113ed7619c149f64ead117ceccc6d57cda9439837f35f125c0a,research evidence,evidence,KEEP_SOURCE,"preserve source path, SHA-256, source URL/date fields, and original status"
research/prospect-operations/results/2026-08-05-batch-01-results.json,27839,c47d33aefa9ec3fa332e704fe818227f4176a7ad0dbe20d24b36a87b840648d3,research evidence,evidence,KEEP_SOURCE,"preserve source path, SHA-256, source URL/date fields, and original status"
research/prospect-operations/review/packets/2026-07-23-batch-01-approval-review.md,9077,5b3cf2cbafe98ba9cd5ae4826b0a73eaf16c3c5a85c17e0e340331118643b8ac,approval packet,approvals,IMPORT_RECONCILED,"preserve source path, SHA-256, source URL/date fields, and original status"
research/prospect-operations/review/packets/2026-07-24-batch-01-approval-review.md,2977,d106adc0468fb68171e89996a400789477cf2722956c569c7660dfa88dec919c,approval packet,approvals,IMPORT_RECONCILED,"preserve source path, SHA-256, source URL/date fields, and original status"
research/prospect-operations/review/packets/2026-07-27-batch-01-approval-review.md,16308,3737952f44a73eea5183a299ec268c476b6bf6b87a6c96f32c71f29c910b51a5,approval packet,approvals,IMPORT_RECONCILED,"preserve source path, SHA-256, source URL/date fields, and original status"
research/prospect-operations/review/packets/2026-07-28-batch-01-approval-review.md,16625,4b4fb22d8ff1422c1cc6cc4dc31ce132e6bd67dac0d4bc42845b45ee671d3b48,approval packet,approvals,IMPORT_RECONCILED,"preserve source path, SHA-256, source URL/date fields, and original status"
research/prospect-operations/review/packets/2026-07-31-batch-01-approval-review.md,16570,aff44c85b1d77e2d7fb8e3090cae713e20d74c79e9e0a2a42f7455609a487c61,approval packet,approvals,IMPORT_RECONCILED,"preserve source path, SHA-256, source URL/date fields, and original status"
research/prospect-operations/review/packets/2026-08-03-batch-01-approval-review.md,8990,619a45379baa8d12f6e1ed48d05f45871c81d35b9a921053d75d7c05af33af21,approval packet,approvals,IMPORT_RECONCILED,"preserve source path, SHA-256, source URL/date fields, and original status"
research/prospect-operations/review/packets/2026-08-05-batch-01-approval-review.md,18292,33929d0bbe42b504aca2b7eefdddb123665eae58d16e11895aebef6746232afc,approval packet,approvals,IMPORT_RECONCILED,"preserve source path, SHA-256, source URL/date fields, and original status"
research/prospect-operations/review/prospect-review-events.jsonl,4858,d7a7f0591331fb67d4c1973a305c167f6e5d5b962a273d9b3a21db23f3e46150,automation/scheduling,control,SUPERSEDED_AFTER_MIGRATION,"preserve source path, SHA-256, source URL/date fields, and original status"
research/prospect-operations/review/prospect-review-state.json,75288,36be22a3df044d6c083af495adc81d0b6e73d38f09f827abf49e23f814159903,canonical prospect data,control,IMPORT_RECONCILED,"preserve source path, SHA-256, source URL/date fields, and original status"
runs/2026-08-01-appinio-live-test/01-qualification.yaml,3825,f7a844fa82d22901ce58199bc365093e9aa2575e9166ef8f51fc9b6a7629f302,qualification,opportunities,SUPERSEDED_AFTER_MIGRATION,"preserve source path, SHA-256, source URL/date fields, and original status"
runs/2026-08-01-appinio-live-test/02-route-plan.yaml,3650,9b91f197cc21f4de84b8b978a4de987d159e7b89a54ba4a6cc62e46ab8b56a35,routing,opportunities,SUPERSEDED_AFTER_MIGRATION,"preserve source path, SHA-256, source URL/date fields, and original status"
runs/2026-08-01-appinio-live-test/02-route-validation.json,819,e7aa658a35e8a5166948320deb94b2555598010faf9f49cc811f1248c2bad012,routing,opportunities,SUPERSEDED_AFTER_MIGRATION,"preserve source path, SHA-256, source URL/date fields, and original status"
runs/2026-08-01-appinio-live-test/03-appinio-revenue-system-decision-snapshot.md,4264,719acb7c301f9dd973f0ed934fbe09cb610b661bd1565aef8eeeb8e2ff924e94,diagnostic selection,opportunities,IMPORT_RECONCILED,"preserve source path, SHA-256, source URL/date fields, and original status"
runs/2026-08-01-appinio-live-test/04-outreach-drafts.md,3319,19709d2586546988bb99ae4bdbd4f357763d7bf59537ae755f058ec2fa3e7dca,outreach preparation,opportunities,SUPERSEDED_AFTER_MIGRATION,"preserve source path, SHA-256, source URL/date fields, and original status"
runs/2026-08-01-appinio-live-test/05-execution-handoff.md,3479,3f379d0e60d680dd4af561938f66f15dfe129c95308c70b71d1bf787d85d479f,outreach preparation,opportunities,SUPERSEDED_AFTER_MIGRATION,"preserve source path, SHA-256, source URL/date fields, and original status"
runs/2026-08-01-appinio-live-test/Appinio-Revenue-System-Decision-Snapshot-2026-08-01.pdf,127797,176ca56e640f7e0a9ad7af4c76dc179ece9db7fee2ccaeec99ae19a6c3da696b,generated/transient output,learning,REGENERATE_DERIVATIVE,"preserve source path, SHA-256, source URL/date fields, and original status"
runs/2026-08-01-appinio-live-test/preview-1.png,79878,a87bf09bf84682f1c749c55c2e5bb40f5337a1107f45acb18a95bcd746ffdb31,generated/transient output,learning,REGENERATE_DERIVATIVE,"preserve source path, SHA-256, source URL/date fields, and original status"
runs/2026-08-01-appinio-live-test/preview-2.png,293599,501f603cbbd52da8faed5520e1a08981fb96c706408b891ba015590cf92f84b8,generated/transient output,learning,REGENERATE_DERIVATIVE,"preserve source path, SHA-256, source URL/date fields, and original status"
runs/2026-08-01-appinio-live-test/preview-3.png,140993,ca8c13a77160b3e893c4848358cf4ef2d6329758b7505346bb6cf53aa7521afe,generated/transient output,learning,REGENERATE_DERIVATIVE,"preserve source path, SHA-256, source URL/date fields, and original status"
runs/2026-08-01-silver-lining-live-test/BridgeWorks-Silver-Lining-Demand-Conversion-Audit-2026-08-01.pdf,121837,b78f495ab29cb9e95f5c8a3cab42709d78b169a82a3628057c81813193ee69c0,generated/transient output,learning,REGENERATE_DERIVATIVE,"preserve source path, SHA-256, source URL/date fields, and original status"
runs/2026-08-01-silver-lining-live-test/evidence/contact-page.png,442101,95c3dbe1d8e9a05ea099fd486c9f70749ed2155706aeb7e3b1a42c30011e0f42,research evidence,evidence,KEEP_SOURCE,"preserve source path, SHA-256, source URL/date fields, and original status"
runs/2026-08-01-silver-lining-live-test/evidence/homepage.png,271410,ffe9de8e5f9c57a58f24dae873c2f75a8d5746b6c2c506864ce0f55f368bb65a,research evidence,evidence,KEEP_SOURCE,"preserve source path, SHA-256, source URL/date fields, and original status"
runs/2026-08-01-silver-lining-live-test/pdf-render/cover-final.png,82714,5018f2534ee73cf72f75a72ce724fb1508bd6f9d4acac385b9aa08dcaca719fb,generated/transient output,learning,REGENERATE_DERIVATIVE,"preserve source path, SHA-256, source URL/date fields, and original status"
runs/2026-08-01-silver-lining-live-test/pdf-render/page-01.png,82572,02ce2df476f854f8204615d3f13c453a2f3e2aa88c3ae31af60bfa4594b9e4f1,generated/transient output,learning,REGENERATE_DERIVATIVE,"preserve source path, SHA-256, source URL/date fields, and original status"
runs/2026-08-01-silver-lining-live-test/pdf-render/page-02.png,263786,f48f787ec1fc98b27504f3fbdcbf011195efcb9eb36908a1bd322c10eb3f32b1,generated/transient output,learning,REGENERATE_DERIVATIVE,"preserve source path, SHA-256, source URL/date fields, and original status"
runs/2026-08-01-silver-lining-live-test/pdf-render/page-03.png,206975,5cfe6b311e0a30bba8e8751e80b0b6396ba921883599cd5d8d5ca1d301c115a1,generated/transient output,learning,REGENERATE_DERIVATIVE,"preserve source path, SHA-256, source URL/date fields, and original status"
runs/2026-08-01-silver-lining-live-test/pdf-render/page-04.png,186204,16ebf28519d585dcdabd009494be72e728213043e1f527b477574633d42e11f2,generated/transient output,learning,REGENERATE_DERIVATIVE,"preserve source path, SHA-256, source URL/date fields, and original status"
runs/2026-08-01-silver-lining-live-test/pdf-render/page-05.png,217653,24a5856e84f1b4c9c93e0be1b1ddbe6dce121da3c2de37425584c2c1f987ec04,generated/transient output,learning,REGENERATE_DERIVATIVE,"preserve source path, SHA-256, source URL/date fields, and original status"
runs/2026-08-01-silver-lining-live-test/pdf-render/page-06.png,170424,dae2b4bd7f7f1394af94903d1fdd3fdb30ef7b874db6fe52849279fafed2d7c1,generated/transient output,learning,REGENERATE_DERIVATIVE,"preserve source path, SHA-256, source URL/date fields, and original status"
runs/2026-08-01-silver-lining-live-test/pdf-render/page-07.png,175883,9c5725aaefeddf68c0980af7db46f01697ddec416cc45dcab978d0a225338f64,generated/transient output,learning,REGENERATE_DERIVATIVE,"preserve source path, SHA-256, source URL/date fields, and original status"
runs/2026-08-01-silver-lining-live-test/pdf-render/page-08.png,182537,dbe273cc541c7321d3c06f3e69ce0b4434052ca142c4115dc5932a5b4bf19343,generated/transient output,learning,REGENERATE_DERIVATIVE,"preserve source path, SHA-256, source URL/date fields, and original status"
runs/2026-08-01-silver-lining-live-test/pdf-render/page-09.png,229761,fa4c1578ddf06b53600922a3f44566f8c3f5d84cb61d1f5aad81237cdf7e0e7d,generated/transient output,learning,REGENERATE_DERIVATIVE,"preserve source path, SHA-256, source URL/date fields, and original status"
runs/2026-08-01-silver-lining-live-test/pdf-render/page-10.png,209863,6e3171177611f9b14abaf3ba11eb2ea016e48e8a954ca2ff1fc1de374237761e,generated/transient output,learning,REGENERATE_DERIVATIVE,"preserve source path, SHA-256, source URL/date fields, and original status"
runs/2026-08-01-silver-lining-live-test/pdf-render/page-11.png,137433,607f4db1b303bfbe32424c435cf70c3e5d3a13156d7ce1d474fd4d50647cb531,generated/transient output,learning,REGENERATE_DERIVATIVE,"preserve source path, SHA-256, source URL/date fields, and original status"
runs/2026-08-01-silver-lining-live-test/pdf-render/page-12.png,187391,9dd32217b832208ac631b0216d6f01a30ffa1d72cd207968e4f70e2810d255b1,generated/transient output,learning,REGENERATE_DERIVATIVE,"preserve source path, SHA-256, source URL/date fields, and original status"
runs/2026-08-01-silver-lining-live-test/pdf-render/page-13.png,223000,243da6efbf4ab714398f0426aa9a5162ba9182340f06112dba89ff89bf49d751,generated/transient output,learning,REGENERATE_DERIVATIVE,"preserve source path, SHA-256, source URL/date fields, and original status"
runs/2026-08-01-silver-lining-live-test/pdf-render/page-14.png,198466,e9c7dc1e4c85660d84071075a2e072788d4d152afe15a6c0c9d8847df22c6069,generated/transient output,learning,REGENERATE_DERIVATIVE,"preserve source path, SHA-256, source URL/date fields, and original status"
runs/2026-08-01-silver-lining-live-test/pdf-render/page-15.png,122010,ed20914348f579f33f18d492616b0bbd18cd1249886b8ccaf32e9cd20ed8b93a,generated/transient output,learning,REGENERATE_DERIVATIVE,"preserve source path, SHA-256, source URL/date fields, and original status"
runs/2026-08-01-silver-lining-live-test/RUN-REPORT.md,5478,a78047dc24cc133704f6e3fd590c36fed56b9ca45c4a8760e85eccdb0fd89e73,reporting,learning,KEEP_SOURCE,"preserve source path, SHA-256, source URL/date fields, and original status"
runs/2026-08-01-silver-lining-live-test/SILVER-LINING-DEMAND-CONVERSION-AUDIT.md,23762,15b24d1d946ac55cdfeeb23145ad7ffa9e07da6443b0849a8671365a8ba65f69,diagnostic selection,opportunities,IMPORT_RECONCILED,"preserve source path, SHA-256, source URL/date fields, and original status"
runs/2026-08-02-bridgeworks-dogfood/00-test-contract.md,1331,8f57f9e9ab56be4caba32c4df6142f531d5345b2054750ae8c3b5213d76c8030,reporting,learning,KEEP_SOURCE,"preserve source path, SHA-256, source URL/date fields, and original status"
runs/2026-08-02-bridgeworks-dogfood/01-qualification-input.json,305,80484bcc0e71906a7e1cdef340474559fe4bd8e6fee651ec7342d73cb944a1e1,qualification,opportunities,SUPERSEDED_AFTER_MIGRATION,"preserve source path, SHA-256, source URL/date fields, and original status"
runs/2026-08-02-bridgeworks-dogfood/01-qualification.yaml,3788,00282c14655edbdffba68fe1c5368074a45a6510fd525e5cf6a27efb83818267,qualification,opportunities,SUPERSEDED_AFTER_MIGRATION,"preserve source path, SHA-256, source URL/date fields, and original status"
runs/2026-08-02-bridgeworks-dogfood/02-route-plan.yaml,3976,453141186103085281f3d37104d286c2eeb2ae84f24f40270fa923ad307670ce,routing,opportunities,SUPERSEDED_AFTER_MIGRATION,"preserve source path, SHA-256, source URL/date fields, and original status"
runs/2026-08-02-bridgeworks-dogfood/02-route-validation.json,904,d7c58208f0d5131e1eeb033ca4afdde5f74f69412a917844551524c6e8f03c1b,routing,opportunities,SUPERSEDED_AFTER_MIGRATION,"preserve source path, SHA-256, source URL/date fields, and original status"
runs/2026-08-02-bridgeworks-dogfood/03-bridgeworks-prospect-to-proof-control-loop.md,4234,dc3772f5bbd3b9464ea0d5bb50019183185d56783c3699d3679611d8203f9743,reporting,learning,KEEP_SOURCE,"preserve source path, SHA-256, source URL/date fields, and original status"
runs/2026-08-02-bridgeworks-dogfood/04-dogfood-findings.md,4187,104a81a26c9e0c81a451561105c8d25bd3ef2b4c1a356edeffde73bd1940e5ee,reporting,learning,KEEP_SOURCE,"preserve source path, SHA-256, source URL/date fields, and original status"
runs/2026-08-02-bridgeworks-dogfood/05-execution-handoff.md,2847,6bd887c3cd21254b5758de0b2e479ef114beb14e382bf6550404c37acb30e50b,outreach preparation,opportunities,SUPERSEDED_AFTER_MIGRATION,"preserve source path, SHA-256, source URL/date fields, and original status"
runs/2026-08-02-bridgeworks-dogfood/BridgeWorks-Prospect-to-Proof-Control-Loop-2026-08-02.pdf,127032,f97578cd0c41b1151f74151ebdc51d50c9d420d144bf02e0f9beba4880de0812,generated/transient output,learning,REGENERATE_DERIVATIVE,"preserve source path, SHA-256, source URL/date fields, and original status"
runs/2026-08-02-bridgeworks-dogfood/pdf-text.txt,4347,a3257307277d6ec49435ec89cc78d9ce3a435af3c4d82663319efa1df9bf3df6,generated/transient output,learning,REGENERATE_DERIVATIVE,"preserve source path, SHA-256, source URL/date fields, and original status"
runs/2026-08-02-bridgeworks-dogfood/preview-1.png,63783,d9f26ee459e4d47494c80b012de46656678f7ce1a828a6c5784e9a2bc2d3b5bb,generated/transient output,learning,REGENERATE_DERIVATIVE,"preserve source path, SHA-256, source URL/date fields, and original status"
runs/2026-08-02-bridgeworks-dogfood/preview-2.png,178686,8361be1c1907a477d39a1e581edba9ca203657c8aceddabdfcd6af0c44acf51e,generated/transient output,learning,REGENERATE_DERIVATIVE,"preserve source path, SHA-256, source URL/date fields, and original status"
runs/2026-08-02-bridgeworks-dogfood/preview-3.png,221444,23bc83ea6f288a0ed3e98111fb7e3ceaee08c8d42665830d5ac50cd952e16175,generated/transient output,learning,REGENERATE_DERIVATIVE,"preserve source path, SHA-256, source URL/date fields, and original status"
runs/BW-AO-20260723-1439-001.md,2483,9c01ebe49e9c35c97247f8d247136b5566ac841f8c07707bd9e5d58a7a3fb131,historical artifact,learning,LEARNING_ARCHIVE,"preserve source path, SHA-256, source URL/date fields, and original status"
runs/BW-AO-20260723-dry-run-002.md,2993,d3d410e4320cf19845dc2d47da26443ad84887fef49f0a74c8e63d9db492cbb8,historical artifact,learning,LEARNING_ARCHIVE,"preserve source path, SHA-256, source URL/date fields, and original status"
runs/BW-AO-20260724-activation-001.md,2485,0d541da74aede287fd603c582b5814cb0c28351adfa8b72bc08bd914bafd9246,historical artifact,learning,LEARNING_ARCHIVE,"preserve source path, SHA-256, source URL/date fields, and original status"
SALES-ACQUISITION-SYSTEM-2026-08-01.md,10694,ce0caf7d39537f3c95abf76f5934f8668105fcc0e333ae51c99a3c06e497826c,market/ICP logic,acquisition,KEEP_SOURCE,"preserve source path, SHA-256, source URL/date fields, and original status"
SALES-TOOL-EXECUTION-MAP-2026-08-01.md,5147,e8800815d3db71a839ecf4949727b73093336170b4d38317153584d0ce7aa4f1,routing,opportunities,SUPERSEDED_AFTER_MIGRATION,"preserve source path, SHA-256, source URL/date fields, and original status"
sales/DISCOVERY-CALL-BRIEF-TEMPLATE-2026.md,3678,c2565fc876769908fabebd9a1a84ce0aefce3833b522d15cb7f238f419a9719c,outreach preparation,opportunities,SUPERSEDED_AFTER_MIGRATION,"preserve source path, SHA-256, source URL/date fields, and original status"
sales/REPLY-TO-PROPOSAL-PLAYBOOK-2026-07-14.md,8956,86cca26a4d79495e4c508662b9abbbe955d123b2d20110b8b223688a6a82e8a5,outreach preparation,opportunities,SUPERSEDED_AFTER_MIGRATION,"preserve source path, SHA-256, source URL/date fields, and original status"
scans/AI-VISIBILITY-MINI-SCAN-TEMPLATE.md,1293,77b873cefd890dae7c4c79e5e9c45a2cbfb5b439b543f8b24b869aabb9884472,diagnostic selection,opportunities,IMPORT_RECONCILED,"preserve source path, SHA-256, source URL/date fields, and original status"
scans/dental-de-classique-mini-scan-2026-07-14.md,3513,9d1ca323475f92e01a6edf56b1be1015019e4a7d627928a7b6508910a729244d,research evidence,evidence,KEEP_SOURCE,"preserve source path, SHA-256, source URL/date fields, and original status"
scans/moso-agency-mini-scan-2026-07-14.md,3359,7356c63b94c8d6e3964a913f2acb2dfee7a81c2c80c044a2ef453ec6a48b459c,research evidence,evidence,KEEP_SOURCE,"preserve source path, SHA-256, source URL/date fields, and original status"
scans/nimaz-aesthetic-mini-scan-2026-07-14.md,3093,154f352574d5819b59adea8ff3c653a75a42b2e07fd4111d9ecd4569a3d97881,research evidence,evidence,KEEP_SOURCE,"preserve source path, SHA-256, source URL/date fields, and original status"
scorecards/WEEKLY-SCORECARD-2026-07-14.md,8574,d9ab4aa869f379191abc51d9a30c00592f2eaa3a0e64e9ec0e1c064af02f7e31,historical artifact,learning,LEARNING_ARCHIVE,"preserve source path, SHA-256, source URL/date fields, and original status"
scorecards/WEEKLY-SCORECARD-TEMPLATE.md,1282,3179f26cd2a6e7cd49395a9d711cc3c609f48f8f862c61f5cfcd999940eddaa2,reporting,learning,KEEP_SOURCE,"preserve source path, SHA-256, source URL/date fields, and original status"
scripts/outreach_engine.py,16901,7034f412c26ddad4f41e0b32cbebd12f4f844823cd03df9a73b254c746b01698,outreach preparation,adapters,SUPERSEDED_AFTER_MIGRATION,"preserve source path, SHA-256, source URL/date fields, and original status"
scripts/prospect_research_queue.py,23230,94462c22f25c2cca0b9853ede1c6a7dd8ff09edaedab807c9e9bec37644dd9ce,qualification,adapters,SUPERSEDED_AFTER_MIGRATION,"preserve source path, SHA-256, source URL/date fields, and original status"
scripts/prospect_review_queue.py,18178,408a12c4df7628f545d78e5a1bd0358245940367c6382210ae94d4cdcba8fabe,automation/scheduling,adapters,SUPERSEDED_AFTER_MIGRATION,"preserve source path, SHA-256, source URL/date fields, and original status"
scripts/prospect_source_queue.py,7521,f7c266e8c2f6b63961d0b718a9c2e631039665218d2ec2a21013e8eda6e4cdd5,trigger discovery,adapters,KEEP_SOURCE,"preserve source path, SHA-256, source URL/date fields, and original status"
scripts/render_branded_markdown_pdf.py,14277,049106b0a9d1e8c13351a061177beff7a1c21a7aebe008762bd238b1a82913ac,automation/scheduling,adapters,SUPERSEDED_AFTER_MIGRATION,"preserve source path, SHA-256, source URL/date fields, and original status"
scripts/stage_anonymized_drive_assets.py,25085,de7414d3827a3b886bbe4960ed096946447d758312d599ac56376cd52be43cba,automation/scheduling,adapters,SUPERSEDED_AFTER_MIGRATION,"preserve source path, SHA-256, source URL/date fields, and original status"
scripts/test_outreach_engine.py,2548,16fd8ea4a5364ed8276b1848f8c2ba2138c1f0539ab24ed443a223c4693e65ae,outreach preparation,adapters,SUPERSEDED_AFTER_MIGRATION,"preserve source path, SHA-256, source URL/date fields, and original status"
SERVICE-LINE-PROSPECT-LIST-2026-08-01.csv,12927,e4ba133835da92b6f1056ff09d821520168dea8e37b6b85ed8b8eb466396fe4a,canonical prospect data,acquisition,IMPORT_RECONCILED,"preserve source path, SHA-256, source URL/date fields, and original status"
SERVICE-LINE-SALES-CONTENT-2026-08-01.md,10155,f0d997ae02481ea8de53a13706067a7139ed6584407e8cf4a89847d57aef42b2,market/ICP logic,acquisition,KEEP_SOURCE,"preserve source path, SHA-256, source URL/date fields, and original status"
skill-repair-staging/bridgeworks-ai-workflow-scan/agents/openai.yaml,303,095965b10c1651385d721501aa0eec3751065967c85181d3ccc36dc031c942d4,duplicate,learning,DUPLICATE_INSTALLED,"preserve source path, SHA-256, source URL/date fields, and original status"
skill-repair-staging/bridgeworks-ai-workflow-scan/references/one-page-template.md,1966,5e491ebfd52f31f574213d975292df89c4b558218595e77a3a957cf0948804b6,duplicate,learning,DUPLICATE_INSTALLED,"preserve source path, SHA-256, source URL/date fields, and original status"
skill-repair-staging/bridgeworks-ai-workflow-scan/SKILL.md,6130,76144eacdf4c7a1557eec26639f55f76802afaed9e51c6fc584c0330d35f70f6,duplicate,learning,DUPLICATE_INSTALLED,"preserve source path, SHA-256, source URL/date fields, and original status"
skill-repair-staging/bridgeworks-geo-prospect-scan/agents/openai.yaml,265,3a293a8206723a9e08a2b6165f789ff39492785eb9622bc4c4ec1402d7e1172e,duplicate,learning,DUPLICATE_INSTALLED,"preserve source path, SHA-256, source URL/date fields, and original status"
skill-repair-staging/bridgeworks-geo-prospect-scan/references/one-page-template.md,2579,6106ec29511a896f1340b20136a733a4fd3a0509152a2b5f6217d2d1d77011ed,duplicate,learning,DUPLICATE_INSTALLED,"preserve source path, SHA-256, source URL/date fields, and original status"
skill-repair-staging/bridgeworks-geo-prospect-scan/SKILL.md,4783,dc2c6a444d7c61fd6885f2d1d7ad4bf6f44d05929cce600cf0b4304720f69687,duplicate,learning,DUPLICATE_INSTALLED,"preserve source path, SHA-256, source URL/date fields, and original status"
skill-repair-staging/bridgeworks-lead-qualifier/agents/openai.yaml,241,78c2951a5519aa7c42b59d5ae1ee35a42f2fd57c0ba903b0823f4df50315dabc,duplicate,learning,DUPLICATE_INSTALLED,"preserve source path, SHA-256, source URL/date fields, and original status"
skill-repair-staging/bridgeworks-lead-qualifier/references/qualification-rubric.md,2977,7c7ec85a8a5c6e6040692dd444a1cc3c1eb97f0f7074e9a3e7db518965564b08,duplicate,learning,DUPLICATE_INSTALLED,"preserve source path, SHA-256, source URL/date fields, and original status"
skill-repair-staging/bridgeworks-lead-qualifier/scripts/score_prospect.py,3558,d1e21340a1a3e704293ff6017176564992d5d339e6526e3b55cc060b193eaed3,duplicate,learning,DUPLICATE_INSTALLED,"preserve source path, SHA-256, source URL/date fields, and original status"
skill-repair-staging/bridgeworks-lead-qualifier/scripts/test_score_prospect.py,1647,60edb7ddcbb2291246d25ac9f6ccc9f4f37173267f7958aa9c7e7696afadfc25,duplicate,learning,DUPLICATE_INSTALLED,"preserve source path, SHA-256, source URL/date fields, and original status"
skill-repair-staging/bridgeworks-lead-qualifier/SKILL.md,4013,ae83c904e5c5fb776663d38f0ffe263758440562caf0855432d69167b9094f67,duplicate,learning,DUPLICATE_INSTALLED,"preserve source path, SHA-256, source URL/date fields, and original status"
skill-repair-staging/bridgeworks-prospect-router/agents/openai.yaml,274,798082a95d9ceba709a4ebabd6997d80320bded68c1b9a9a11e68d35efa155ac,duplicate,learning,DUPLICATE_INSTALLED,"preserve source path, SHA-256, source URL/date fields, and original status"
skill-repair-staging/bridgeworks-prospect-router/references/capability-registry.md,5326,2f36144835c03383a31c0420a8ed52e45f36b6af5996509ca6c7de2bd7864eec,duplicate,learning,DUPLICATE_INSTALLED,"preserve source path, SHA-256, source URL/date fields, and original status"
skill-repair-staging/bridgeworks-prospect-router/scripts/test_validate_route.py,1273,8bab5aa68c475cbe90e57d4c8d9f222b3ca7d7d6c4b7bab1f19440c729859064,duplicate,learning,DUPLICATE_INSTALLED,"preserve source path, SHA-256, source URL/date fields, and original status"
skill-repair-staging/bridgeworks-prospect-router/scripts/validate_route.py,3108,4c514c325844b7fa952c8d2ef7782426917c96f2edb2d7dca574944db06f58cc,duplicate,learning,DUPLICATE_INSTALLED,"preserve source path, SHA-256, source URL/date fields, and original status"
skill-repair-staging/bridgeworks-prospect-router/SKILL.md,5993,58096af330fb501221decace04a921265dfcaa093b7ef605507b9ed2451038b2,duplicate,learning,DUPLICATE_INSTALLED,"preserve source path, SHA-256, source URL/date fields, and original status"
skill-repair-staging/bridgeworks-revenue-system-scan/agents/openai.yaml,287,dd55bc5a062d681483e690253cea1e98f4e77c9d53540299a6054fdef524b69b,duplicate,learning,DUPLICATE_INSTALLED,"preserve source path, SHA-256, source URL/date fields, and original status"
skill-repair-staging/bridgeworks-revenue-system-scan/references/one-page-template.md,1930,e1f5e2f66356846efd4075ea8573cf5123b1590afbc3cfa5744a5716c6c4b7b6,duplicate,learning,DUPLICATE_INSTALLED,"preserve source path, SHA-256, source URL/date fields, and original status"
skill-repair-staging/bridgeworks-revenue-system-scan/SKILL.md,5758,c339d2e5a81f564d7834aa335182753928985fc8b7c68ba1b10b74131946467c,duplicate,learning,DUPLICATE_INSTALLED,"preserve source path, SHA-256, source URL/date fields, and original status"
templates/SME-DIGITAL-FOUNDATION-PROPOSAL-TEMPLATE-2026.md,5635,31b7383c5c31b83abfe5a00ca7d82e4bb2754a0ddde21e56417f60605a5d9f9b,outreach preparation,opportunities,SUPERSEDED_AFTER_MIGRATION,"preserve source path, SHA-256, source URL/date fields, and original status"
TWO-WEEK-EXECUTION-RUN-SHEET-2026-07-14.md,5884,23b0448c37561ca5d638de9de67d7237ab01593377187d6f29a8da1602211437,historical artifact,learning,LEARNING_ARCHIVE,"preserve source path, SHA-256, source URL/date fields, and original status"
