-- DEPRECATED SNAPSHOT. DO NOT RUN.
-- This file contains an older 30-item seed. Use schema.sql followed by the
-- current seed-menu.sql, which matches the live 33-item menu verified 2026-07-14.

-- Oliviks Kitchen Supabase activation SQL
-- Run this whole file in a fresh Supabase SQL editor.
-- Section 1 creates tables/policies. Section 2 seeds the approved menu.

-- ============================================================
-- 1. Schema
-- ============================================================

-- Oliviks Kitchen client-editable CMS schema
-- Run this in the Supabase SQL editor after creating the project.

create extension if not exists pgcrypto;

create table if not exists public.menu_categories (
  id text primary key,
  title text not null,
  blurb text not null default '',
  sort_order integer not null default 0,
  is_active boolean not null default true,
  created_at timestamptz not null default now(),
  updated_at timestamptz not null default now()
);

create table if not exists public.menu_items (
  id uuid primary key default gen_random_uuid(),
  category_id text not null references public.menu_categories(id) on delete cascade,
  name text not null,
  description text not null default '',
  price_label text,
  unit_price_ft integer,
  image_url text,
  tags text[] not null default '{}',
  is_available boolean not null default true,
  is_featured boolean not null default false,
  sort_order integer not null default 0,
  created_at timestamptz not null default now(),
  updated_at timestamptz not null default now()
);

create table if not exists public.menu_option_groups (
  id uuid primary key default gen_random_uuid(),
  item_id uuid not null references public.menu_items(id) on delete cascade,
  group_key text not null,
  label text not null,
  type text not null check (type in ('single', 'boolean')),
  is_required boolean not null default false,
  sort_order integer not null default 0,
  created_at timestamptz not null default now(),
  updated_at timestamptz not null default now()
);

create table if not exists public.menu_options (
  id uuid primary key default gen_random_uuid(),
  group_id uuid not null references public.menu_option_groups(id) on delete cascade,
  label text not null,
  price_note text,
  unit_price_ft integer,
  sort_order integer not null default 0,
  created_at timestamptz not null default now(),
  updated_at timestamptz not null default now()
);

create table if not exists public.site_settings (
  key text primary key,
  value jsonb not null,
  created_at timestamptz not null default now(),
  updated_at timestamptz not null default now()
);

insert into public.site_settings(key, value)
values
  ('admin_allowed_emails', '["olivikskitchen@gmail.com"]'::jsonb),
  ('cms_mode', '{"fallback":"static-menu-if-supabase-unavailable"}'::jsonb)
on conflict (key) do nothing;

alter table public.menu_categories enable row level security;
alter table public.menu_items enable row level security;
alter table public.menu_option_groups enable row level security;
alter table public.menu_options enable row level security;
alter table public.site_settings enable row level security;

-- Public read policies for active menu data. Writes are intended through Next.js
-- server routes using SUPABASE_SERVICE_ROLE_KEY after admin auth is configured.
do $$
begin
  if not exists (select 1 from pg_policies where schemaname = 'public' and tablename = 'menu_categories' and policyname = 'public read active menu categories') then
    create policy "public read active menu categories" on public.menu_categories for select using (is_active = true);
  end if;
  if not exists (select 1 from pg_policies where schemaname = 'public' and tablename = 'menu_items' and policyname = 'public read available menu items') then
    create policy "public read available menu items" on public.menu_items for select using (is_available = true);
  end if;
  if not exists (select 1 from pg_policies where schemaname = 'public' and tablename = 'menu_option_groups' and policyname = 'public read option groups') then
    create policy "public read option groups" on public.menu_option_groups for select using (true);
  end if;
  if not exists (select 1 from pg_policies where schemaname = 'public' and tablename = 'menu_options' and policyname = 'public read options') then
    create policy "public read options" on public.menu_options for select using (true);
  end if;
end $$;


-- ============================================================
-- 2. Seed current approved menu
-- ============================================================

-- Oliviks Kitchen seed data generated from src/data/menu.ts
-- Run after supabase/schema.sql in the Supabase SQL editor.

begin;

delete from public.menu_options;
delete from public.menu_option_groups;
delete from public.menu_items;
delete from public.menu_categories;

insert into public.menu_categories (id, title, blurb, sort_order, is_active) values ('rice', 'Rice', 'Jollof, fried rice, and aromatic pilau plates with protein.', 0, true) on conflict (id) do update set title = excluded.title, blurb = excluded.blurb, sort_order = excluded.sort_order, is_active = excluded.is_active, updated_at = now();
insert into public.menu_categories (id, title, blurb, sort_order, is_active) values ('soups', 'Soups', 'Rich Nigerian soups served with one swallow for scooping.', 1, true) on conflict (id) do update set title = excluded.title, blurb = excluded.blurb, sort_order = excluded.sort_order, is_active = excluded.is_active, updated_at = now();
insert into public.menu_categories (id, title, blurb, sort_order, is_active) values ('sides', 'Sides', 'Fried, grilled, and swallow sides to complete the plate.', 2, true) on conflict (id) do update set title = excluded.title, blurb = excluded.blurb, sort_order = excluded.sort_order, is_active = excluded.is_active, updated_at = now();
insert into public.menu_categories (id, title, blurb, sort_order, is_active) values ('snacks', 'Snacks', 'Sweet, savory, crunchy, and handheld Nigerian snacks.', 3, true) on conflict (id) do update set title = excluded.title, blurb = excluded.blurb, sort_order = excluded.sort_order, is_active = excluded.is_active, updated_at = now();
insert into public.menu_categories (id, title, blurb, sort_order, is_active) values ('drinks', 'Drinks', 'Chilled drinks to go with your meal.', 4, true) on conflict (id) do update set title = excluded.title, blurb = excluded.blurb, sort_order = excluded.sort_order, is_active = excluded.is_active, updated_at = now();

insert into public.menu_items (id, category_id, name, description, price_label, image_url, tags, is_available, is_featured, sort_order) values ('daded3a6-0836-5f5e-a155-349d54ec63be'::uuid, 'rice', 'Jollof rice with protein', 'Long-cooked tomato rice with a smoky edge. Pick your protein: chicken, turkey, fish, or beef. This is the dish Nigerian parties are built around. A smart first order if you want to understand why. The price depends on the protein you choose.', '2,500 – 4,000 Ft', '/images/legacy/jollof-rice.png', array['popular']::text[], true, true, 0) on conflict (id) do update set category_id = excluded.category_id, name = excluded.name, description = excluded.description, price_label = excluded.price_label, image_url = excluded.image_url, tags = excluded.tags, is_available = excluded.is_available, is_featured = excluded.is_featured, sort_order = excluded.sort_order, updated_at = now();
insert into public.menu_option_groups (id, item_id, group_key, label, type, is_required, sort_order) values ('806e839a-61f8-52a9-ace5-435d03cdf1ff'::uuid, 'daded3a6-0836-5f5e-a155-349d54ec63be'::uuid, 'protein', 'Protein', 'single', true, 0) on conflict (id) do update set item_id = excluded.item_id, group_key = excluded.group_key, label = excluded.label, type = excluded.type, is_required = excluded.is_required, sort_order = excluded.sort_order, updated_at = now();
insert into public.menu_options (id, group_id, label, price_note, unit_price_ft, sort_order) values ('15daaa64-9b8a-578c-83f2-f0ca66a3eca5'::uuid, '806e839a-61f8-52a9-ace5-435d03cdf1ff'::uuid, 'Chicken', 'Base rice plate: 2,500 Ft.', 2500, 0) on conflict (id) do update set group_id = excluded.group_id, label = excluded.label, price_note = excluded.price_note, unit_price_ft = excluded.unit_price_ft, sort_order = excluded.sort_order, updated_at = now();
insert into public.menu_options (id, group_id, label, price_note, unit_price_ft, sort_order) values ('229589c5-0e53-5602-98b8-083198687f7f'::uuid, '806e839a-61f8-52a9-ace5-435d03cdf1ff'::uuid, 'Turkey', 'Base rice plate: 2,500 Ft.', 2500, 1) on conflict (id) do update set group_id = excluded.group_id, label = excluded.label, price_note = excluded.price_note, unit_price_ft = excluded.unit_price_ft, sort_order = excluded.sort_order, updated_at = now();
insert into public.menu_options (id, group_id, label, price_note, unit_price_ft, sort_order) values ('4838394c-ac89-5e3d-972f-fd46358522de'::uuid, '806e839a-61f8-52a9-ace5-435d03cdf1ff'::uuid, 'Fish', 'Base rice plate: 2,500 Ft.', 2500, 2) on conflict (id) do update set group_id = excluded.group_id, label = excluded.label, price_note = excluded.price_note, unit_price_ft = excluded.unit_price_ft, sort_order = excluded.sort_order, updated_at = now();
insert into public.menu_options (id, group_id, label, price_note, unit_price_ft, sort_order) values ('a88fa0cd-ac0c-56c6-8240-aa5be5a2d7a6'::uuid, '806e839a-61f8-52a9-ace5-435d03cdf1ff'::uuid, 'Beef', 'Base rice plate: 2,500 Ft.', 2500, 3) on conflict (id) do update set group_id = excluded.group_id, label = excluded.label, price_note = excluded.price_note, unit_price_ft = excluded.unit_price_ft, sort_order = excluded.sort_order, updated_at = now();
insert into public.menu_option_groups (id, item_id, group_key, label, type, is_required, sort_order) values ('7994f6f9-2ebb-5a7d-8f99-8f1e5998ddcf'::uuid, 'daded3a6-0836-5f5e-a155-349d54ec63be'::uuid, 'extra-hot-pepper-stew', 'Extra hot pepper stew?', 'boolean', false, 1) on conflict (id) do update set item_id = excluded.item_id, group_key = excluded.group_key, label = excluded.label, type = excluded.type, is_required = excluded.is_required, sort_order = excluded.sort_order, updated_at = now();
insert into public.menu_options (id, group_id, label, price_note, unit_price_ft, sort_order) values ('2cb5b283-0db4-543c-a5e6-c7bdf7a96d3b'::uuid, '7994f6f9-2ebb-5a7d-8f99-8f1e5998ddcf'::uuid, 'Yes', 'With extra hot stew: 4,000 Ft.', 4000, 0) on conflict (id) do update set group_id = excluded.group_id, label = excluded.label, price_note = excluded.price_note, unit_price_ft = excluded.unit_price_ft, sort_order = excluded.sort_order, updated_at = now();
insert into public.menu_items (id, category_id, name, description, price_label, image_url, tags, is_available, is_featured, sort_order) values ('856dbd32-afcc-5b7d-98f5-8b09ab3eb937'::uuid, 'rice', 'Fried rice with protein', 'Basmati rice cooked with turmeric and stir-fried with mixed vegetables. Lighter than jollof, bright and savory. Pick your protein: chicken, turkey, fish, or beef. The price depends on the protein you choose.', '2,500 – 4,000 Ft', '/images/legacy/fried-rice-shrimps.png', '{}'::text[], true, false, 1) on conflict (id) do update set category_id = excluded.category_id, name = excluded.name, description = excluded.description, price_label = excluded.price_label, image_url = excluded.image_url, tags = excluded.tags, is_available = excluded.is_available, is_featured = excluded.is_featured, sort_order = excluded.sort_order, updated_at = now();
insert into public.menu_option_groups (id, item_id, group_key, label, type, is_required, sort_order) values ('540dd858-d81d-5e74-9395-09e305ffa61c'::uuid, '856dbd32-afcc-5b7d-98f5-8b09ab3eb937'::uuid, 'protein', 'Protein', 'single', true, 0) on conflict (id) do update set item_id = excluded.item_id, group_key = excluded.group_key, label = excluded.label, type = excluded.type, is_required = excluded.is_required, sort_order = excluded.sort_order, updated_at = now();
insert into public.menu_options (id, group_id, label, price_note, unit_price_ft, sort_order) values ('2daa802a-9ebc-5308-bd0d-d8861d3c2b37'::uuid, '540dd858-d81d-5e74-9395-09e305ffa61c'::uuid, 'Chicken', 'Base rice plate: 2,500 Ft.', 2500, 0) on conflict (id) do update set group_id = excluded.group_id, label = excluded.label, price_note = excluded.price_note, unit_price_ft = excluded.unit_price_ft, sort_order = excluded.sort_order, updated_at = now();
insert into public.menu_options (id, group_id, label, price_note, unit_price_ft, sort_order) values ('19ca31e8-1b71-57ce-9653-64d702cfb31c'::uuid, '540dd858-d81d-5e74-9395-09e305ffa61c'::uuid, 'Turkey', 'Base rice plate: 2,500 Ft.', 2500, 1) on conflict (id) do update set group_id = excluded.group_id, label = excluded.label, price_note = excluded.price_note, unit_price_ft = excluded.unit_price_ft, sort_order = excluded.sort_order, updated_at = now();
insert into public.menu_options (id, group_id, label, price_note, unit_price_ft, sort_order) values ('a9ce64b5-f5c0-5362-8342-257e8d69d2a0'::uuid, '540dd858-d81d-5e74-9395-09e305ffa61c'::uuid, 'Fish', 'Base rice plate: 2,500 Ft.', 2500, 2) on conflict (id) do update set group_id = excluded.group_id, label = excluded.label, price_note = excluded.price_note, unit_price_ft = excluded.unit_price_ft, sort_order = excluded.sort_order, updated_at = now();
insert into public.menu_options (id, group_id, label, price_note, unit_price_ft, sort_order) values ('a1b8878e-b482-55db-bb1b-ab530c5b9888'::uuid, '540dd858-d81d-5e74-9395-09e305ffa61c'::uuid, 'Beef', 'Base rice plate: 2,500 Ft.', 2500, 3) on conflict (id) do update set group_id = excluded.group_id, label = excluded.label, price_note = excluded.price_note, unit_price_ft = excluded.unit_price_ft, sort_order = excluded.sort_order, updated_at = now();
insert into public.menu_option_groups (id, item_id, group_key, label, type, is_required, sort_order) values ('323cb41a-51f0-5c6a-8229-c3059ad47ad2'::uuid, '856dbd32-afcc-5b7d-98f5-8b09ab3eb937'::uuid, 'extra-hot-pepper-stew', 'Extra hot pepper stew?', 'boolean', false, 1) on conflict (id) do update set item_id = excluded.item_id, group_key = excluded.group_key, label = excluded.label, type = excluded.type, is_required = excluded.is_required, sort_order = excluded.sort_order, updated_at = now();
insert into public.menu_options (id, group_id, label, price_note, unit_price_ft, sort_order) values ('22518031-f799-55dc-9710-d2925266d5f6'::uuid, '323cb41a-51f0-5c6a-8229-c3059ad47ad2'::uuid, 'Yes', 'With extra hot stew: 4,000 Ft.', 4000, 0) on conflict (id) do update set group_id = excluded.group_id, label = excluded.label, price_note = excluded.price_note, unit_price_ft = excluded.unit_price_ft, sort_order = excluded.sort_order, updated_at = now();
insert into public.menu_items (id, category_id, name, description, price_label, image_url, tags, is_available, is_featured, sort_order) values ('e8e39a3c-652b-5504-90d1-72b681b46b6f'::uuid, 'rice', 'Beef Pilau rice', 'Basmati rice cooked in aromatic spices and served with fried beef. Warm, fragrant, and filling. A heartier rice plate when you want more depth than jollof. Pick your protein: chicken, turkey, fish, or beef.', '5,500 Ft', '/images/legacy/native-rice.png', '{}'::text[], true, false, 2) on conflict (id) do update set category_id = excluded.category_id, name = excluded.name, description = excluded.description, price_label = excluded.price_label, image_url = excluded.image_url, tags = excluded.tags, is_available = excluded.is_available, is_featured = excluded.is_featured, sort_order = excluded.sort_order, updated_at = now();
insert into public.menu_option_groups (id, item_id, group_key, label, type, is_required, sort_order) values ('2bd2a334-a928-5099-9053-1813c722d9a8'::uuid, 'e8e39a3c-652b-5504-90d1-72b681b46b6f'::uuid, 'protein', 'Protein', 'single', true, 0) on conflict (id) do update set item_id = excluded.item_id, group_key = excluded.group_key, label = excluded.label, type = excluded.type, is_required = excluded.is_required, sort_order = excluded.sort_order, updated_at = now();
insert into public.menu_options (id, group_id, label, price_note, unit_price_ft, sort_order) values ('e26cb8f3-5bc0-52a2-b404-d052044b9821'::uuid, '2bd2a334-a928-5099-9053-1813c722d9a8'::uuid, 'Chicken', 'Approved copy/store export: Beef Pilau rice is 5,500 Ft.', 5500, 0) on conflict (id) do update set group_id = excluded.group_id, label = excluded.label, price_note = excluded.price_note, unit_price_ft = excluded.unit_price_ft, sort_order = excluded.sort_order, updated_at = now();
insert into public.menu_options (id, group_id, label, price_note, unit_price_ft, sort_order) values ('ed7ca59a-4dc6-5bd0-9753-5feddbf8eb7d'::uuid, '2bd2a334-a928-5099-9053-1813c722d9a8'::uuid, 'Turkey', 'Approved copy/store export: Beef Pilau rice is 5,500 Ft.', 5500, 1) on conflict (id) do update set group_id = excluded.group_id, label = excluded.label, price_note = excluded.price_note, unit_price_ft = excluded.unit_price_ft, sort_order = excluded.sort_order, updated_at = now();
insert into public.menu_options (id, group_id, label, price_note, unit_price_ft, sort_order) values ('bec9da06-3d4d-5874-a8af-a4f3e2e362ee'::uuid, '2bd2a334-a928-5099-9053-1813c722d9a8'::uuid, 'Fish', 'Approved copy/store export: Beef Pilau rice is 5,500 Ft.', 5500, 2) on conflict (id) do update set group_id = excluded.group_id, label = excluded.label, price_note = excluded.price_note, unit_price_ft = excluded.unit_price_ft, sort_order = excluded.sort_order, updated_at = now();
insert into public.menu_options (id, group_id, label, price_note, unit_price_ft, sort_order) values ('9b334478-a103-56be-a033-c12909eb699d'::uuid, '2bd2a334-a928-5099-9053-1813c722d9a8'::uuid, 'Beef', 'Approved copy/store export: Beef Pilau rice is 5,500 Ft.', 5500, 3) on conflict (id) do update set group_id = excluded.group_id, label = excluded.label, price_note = excluded.price_note, unit_price_ft = excluded.unit_price_ft, sort_order = excluded.sort_order, updated_at = now();
insert into public.menu_items (id, category_id, name, description, price_label, image_url, tags, is_available, is_featured, sort_order) values ('213b1edd-ace2-53ba-a8e0-e04c3992e84d'::uuid, 'soups', 'Egusi soup with one swallow', 'Ground melon seeds cooked with leafy greens into a thick, deeply savory soup. Rich and comforting. Served with one swallow to scoop it up. One of the dishes regulars keep coming back for.', '5,000 Ft', '/images/legacy/afang-soup.png', array['popular']::text[], true, true, 0) on conflict (id) do update set category_id = excluded.category_id, name = excluded.name, description = excluded.description, price_label = excluded.price_label, image_url = excluded.image_url, tags = excluded.tags, is_available = excluded.is_available, is_featured = excluded.is_featured, sort_order = excluded.sort_order, updated_at = now();
insert into public.menu_option_groups (id, item_id, group_key, label, type, is_required, sort_order) values ('0ccd2236-6b62-5251-9bff-8a4c9089da57'::uuid, '213b1edd-ace2-53ba-a8e0-e04c3992e84d'::uuid, 'swallow', 'Swallow', 'single', true, 0) on conflict (id) do update set item_id = excluded.item_id, group_key = excluded.group_key, label = excluded.label, type = excluded.type, is_required = excluded.is_required, sort_order = excluded.sort_order, updated_at = now();
insert into public.menu_options (id, group_id, label, price_note, unit_price_ft, sort_order) values ('943abcc6-2897-5bbb-8c58-5dd027b4af4b'::uuid, '0ccd2236-6b62-5251-9bff-8a4c9089da57'::uuid, 'Pounded yam', 'Included with the soup.', null, 0) on conflict (id) do update set group_id = excluded.group_id, label = excluded.label, price_note = excluded.price_note, unit_price_ft = excluded.unit_price_ft, sort_order = excluded.sort_order, updated_at = now();
insert into public.menu_options (id, group_id, label, price_note, unit_price_ft, sort_order) values ('f2d6e8ed-04b1-5931-9eb7-f6dba767eb5e'::uuid, '0ccd2236-6b62-5251-9bff-8a4c9089da57'::uuid, 'Eba', 'Included with the soup.', null, 1) on conflict (id) do update set group_id = excluded.group_id, label = excluded.label, price_note = excluded.price_note, unit_price_ft = excluded.unit_price_ft, sort_order = excluded.sort_order, updated_at = now();
insert into public.menu_items (id, category_id, name, description, price_label, image_url, tags, is_available, is_featured, sort_order) values ('5287e22e-cda4-516b-8998-f798dd01caa2'::uuid, 'soups', 'Oha soup with one swallow', 'A traditional Igbo soup made with oha leaves and a rich, savory base. Earthy and full of flavor. Served with one swallow.', '5,000 Ft', null, '{}'::text[], true, false, 1) on conflict (id) do update set category_id = excluded.category_id, name = excluded.name, description = excluded.description, price_label = excluded.price_label, image_url = excluded.image_url, tags = excluded.tags, is_available = excluded.is_available, is_featured = excluded.is_featured, sort_order = excluded.sort_order, updated_at = now();
insert into public.menu_option_groups (id, item_id, group_key, label, type, is_required, sort_order) values ('84f534c3-a497-5f48-ad60-15c9abd8d993'::uuid, '5287e22e-cda4-516b-8998-f798dd01caa2'::uuid, 'swallow', 'Swallow', 'single', true, 0) on conflict (id) do update set item_id = excluded.item_id, group_key = excluded.group_key, label = excluded.label, type = excluded.type, is_required = excluded.is_required, sort_order = excluded.sort_order, updated_at = now();
insert into public.menu_options (id, group_id, label, price_note, unit_price_ft, sort_order) values ('4dd7007b-566c-576d-a70c-d056b990d861'::uuid, '84f534c3-a497-5f48-ad60-15c9abd8d993'::uuid, 'Pounded yam', 'Included with the soup.', null, 0) on conflict (id) do update set group_id = excluded.group_id, label = excluded.label, price_note = excluded.price_note, unit_price_ft = excluded.unit_price_ft, sort_order = excluded.sort_order, updated_at = now();
insert into public.menu_options (id, group_id, label, price_note, unit_price_ft, sort_order) values ('35b32e68-dd46-5875-9859-19eaac314fc1'::uuid, '84f534c3-a497-5f48-ad60-15c9abd8d993'::uuid, 'Eba', 'Included with the soup.', null, 1) on conflict (id) do update set group_id = excluded.group_id, label = excluded.label, price_note = excluded.price_note, unit_price_ft = excluded.unit_price_ft, sort_order = excluded.sort_order, updated_at = now();
insert into public.menu_items (id, category_id, name, description, price_label, image_url, tags, is_available, is_featured, sort_order) values ('315e81a0-170b-5ebb-addb-fa21c296b360'::uuid, 'soups', 'Ogbono soup with one swallow', 'Made from ground ogbono seeds, with a smooth texture and a deep, savory taste. Hearty and comforting. Served with one swallow.', '5,000 Ft', '/images/legacy/ogbono-soup.png', '{}'::text[], true, false, 2) on conflict (id) do update set category_id = excluded.category_id, name = excluded.name, description = excluded.description, price_label = excluded.price_label, image_url = excluded.image_url, tags = excluded.tags, is_available = excluded.is_available, is_featured = excluded.is_featured, sort_order = excluded.sort_order, updated_at = now();
insert into public.menu_option_groups (id, item_id, group_key, label, type, is_required, sort_order) values ('054efd61-614e-50fe-a9b3-cd0ecf8e54f5'::uuid, '315e81a0-170b-5ebb-addb-fa21c296b360'::uuid, 'swallow', 'Swallow', 'single', true, 0) on conflict (id) do update set item_id = excluded.item_id, group_key = excluded.group_key, label = excluded.label, type = excluded.type, is_required = excluded.is_required, sort_order = excluded.sort_order, updated_at = now();
insert into public.menu_options (id, group_id, label, price_note, unit_price_ft, sort_order) values ('0efa583b-1172-5216-a099-2b3d22c5cda5'::uuid, '054efd61-614e-50fe-a9b3-cd0ecf8e54f5'::uuid, 'Pounded yam', 'Included with the soup.', null, 0) on conflict (id) do update set group_id = excluded.group_id, label = excluded.label, price_note = excluded.price_note, unit_price_ft = excluded.unit_price_ft, sort_order = excluded.sort_order, updated_at = now();
insert into public.menu_options (id, group_id, label, price_note, unit_price_ft, sort_order) values ('c908ce43-1ad4-5898-a74d-e96d78c3c63d'::uuid, '054efd61-614e-50fe-a9b3-cd0ecf8e54f5'::uuid, 'Eba', 'Included with the soup.', null, 1) on conflict (id) do update set group_id = excluded.group_id, label = excluded.label, price_note = excluded.price_note, unit_price_ft = excluded.unit_price_ft, sort_order = excluded.sort_order, updated_at = now();
insert into public.menu_items (id, category_id, name, description, price_label, image_url, tags, is_available, is_featured, sort_order) values ('9854a23f-0234-527a-b352-b2e40b21bd10'::uuid, 'soups', 'Vegetable soup with one swallow', 'A hearty soup loaded with leafy greens and proper seasoning. Comforting and full of flavor. Served with one swallow.', '5,000 Ft', null, '{}'::text[], true, false, 3) on conflict (id) do update set category_id = excluded.category_id, name = excluded.name, description = excluded.description, price_label = excluded.price_label, image_url = excluded.image_url, tags = excluded.tags, is_available = excluded.is_available, is_featured = excluded.is_featured, sort_order = excluded.sort_order, updated_at = now();
insert into public.menu_option_groups (id, item_id, group_key, label, type, is_required, sort_order) values ('08737281-a055-517f-aec9-ad8e4ce15912'::uuid, '9854a23f-0234-527a-b352-b2e40b21bd10'::uuid, 'swallow', 'Swallow', 'single', true, 0) on conflict (id) do update set item_id = excluded.item_id, group_key = excluded.group_key, label = excluded.label, type = excluded.type, is_required = excluded.is_required, sort_order = excluded.sort_order, updated_at = now();
insert into public.menu_options (id, group_id, label, price_note, unit_price_ft, sort_order) values ('236b3e1b-8645-52f1-8794-f7c6211ecef7'::uuid, '08737281-a055-517f-aec9-ad8e4ce15912'::uuid, 'Pounded yam', 'Included with the soup.', null, 0) on conflict (id) do update set group_id = excluded.group_id, label = excluded.label, price_note = excluded.price_note, unit_price_ft = excluded.unit_price_ft, sort_order = excluded.sort_order, updated_at = now();
insert into public.menu_options (id, group_id, label, price_note, unit_price_ft, sort_order) values ('6c6e3fc1-e39b-51ab-9f95-a30a65279502'::uuid, '08737281-a055-517f-aec9-ad8e4ce15912'::uuid, 'Eba', 'Included with the soup.', null, 1) on conflict (id) do update set group_id = excluded.group_id, label = excluded.label, price_note = excluded.price_note, unit_price_ft = excluded.unit_price_ft, sort_order = excluded.sort_order, updated_at = now();
insert into public.menu_items (id, category_id, name, description, price_label, image_url, tags, is_available, is_featured, sort_order) values ('b328cd1f-6597-5715-9df4-6f2f1412d83d'::uuid, 'soups', 'Bitter leaf soup with one swallow', 'Bitter leaves cooked in a rich cocoyam base with protein. Earthy and full of flavor, with the gentle bitterness the dish is named for. Served with one swallow.', '5,000 Ft', null, '{}'::text[], true, false, 4) on conflict (id) do update set category_id = excluded.category_id, name = excluded.name, description = excluded.description, price_label = excluded.price_label, image_url = excluded.image_url, tags = excluded.tags, is_available = excluded.is_available, is_featured = excluded.is_featured, sort_order = excluded.sort_order, updated_at = now();
insert into public.menu_option_groups (id, item_id, group_key, label, type, is_required, sort_order) values ('990bacda-2a7b-52d3-85c0-fd7ef30ff366'::uuid, 'b328cd1f-6597-5715-9df4-6f2f1412d83d'::uuid, 'swallow', 'Swallow', 'single', true, 0) on conflict (id) do update set item_id = excluded.item_id, group_key = excluded.group_key, label = excluded.label, type = excluded.type, is_required = excluded.is_required, sort_order = excluded.sort_order, updated_at = now();
insert into public.menu_options (id, group_id, label, price_note, unit_price_ft, sort_order) values ('94479367-db61-5515-bd6c-e0188b00e6a0'::uuid, '990bacda-2a7b-52d3-85c0-fd7ef30ff366'::uuid, 'Pounded yam', 'Included with the soup.', null, 0) on conflict (id) do update set group_id = excluded.group_id, label = excluded.label, price_note = excluded.price_note, unit_price_ft = excluded.unit_price_ft, sort_order = excluded.sort_order, updated_at = now();
insert into public.menu_options (id, group_id, label, price_note, unit_price_ft, sort_order) values ('5438f721-a77e-5e82-96c5-b8330acbe493'::uuid, '990bacda-2a7b-52d3-85c0-fd7ef30ff366'::uuid, 'Eba', 'Included with the soup.', null, 1) on conflict (id) do update set group_id = excluded.group_id, label = excluded.label, price_note = excluded.price_note, unit_price_ft = excluded.unit_price_ft, sort_order = excluded.sort_order, updated_at = now();
insert into public.menu_items (id, category_id, name, description, price_label, image_url, tags, is_available, is_featured, sort_order) values ('66b67a37-e58c-5900-94ee-83e95644c920'::uuid, 'soups', 'Banga soup with one swallow', 'A deep, palm-nut soup cooked with Nigerian seasoning and protein. Rich, earthy, and full-bodied. Served with one swallow.', '5,000 Ft', null, '{}'::text[], true, false, 5) on conflict (id) do update set category_id = excluded.category_id, name = excluded.name, description = excluded.description, price_label = excluded.price_label, image_url = excluded.image_url, tags = excluded.tags, is_available = excluded.is_available, is_featured = excluded.is_featured, sort_order = excluded.sort_order, updated_at = now();
insert into public.menu_option_groups (id, item_id, group_key, label, type, is_required, sort_order) values ('48ce95fb-aa37-558a-9671-a9e24cbc2144'::uuid, '66b67a37-e58c-5900-94ee-83e95644c920'::uuid, 'swallow', 'Swallow', 'single', true, 0) on conflict (id) do update set item_id = excluded.item_id, group_key = excluded.group_key, label = excluded.label, type = excluded.type, is_required = excluded.is_required, sort_order = excluded.sort_order, updated_at = now();
insert into public.menu_options (id, group_id, label, price_note, unit_price_ft, sort_order) values ('d2e57baa-b240-5f94-b416-ed17508ae92b'::uuid, '48ce95fb-aa37-558a-9671-a9e24cbc2144'::uuid, 'Pounded yam', 'Included with the soup.', null, 0) on conflict (id) do update set group_id = excluded.group_id, label = excluded.label, price_note = excluded.price_note, unit_price_ft = excluded.unit_price_ft, sort_order = excluded.sort_order, updated_at = now();
insert into public.menu_options (id, group_id, label, price_note, unit_price_ft, sort_order) values ('9f7afd44-85a9-5e7d-a601-b861be6aca77'::uuid, '48ce95fb-aa37-558a-9671-a9e24cbc2144'::uuid, 'Eba', 'Included with the soup.', null, 1) on conflict (id) do update set group_id = excluded.group_id, label = excluded.label, price_note = excluded.price_note, unit_price_ft = excluded.unit_price_ft, sort_order = excluded.sort_order, updated_at = now();
insert into public.menu_items (id, category_id, name, description, price_label, image_url, tags, is_available, is_featured, sort_order) values ('277db907-6982-504d-ae63-3e3ea07d4165'::uuid, 'soups', 'Pepper soup', 'A light, aromatic soup with warming spices and gentle pepper. Brothy and comforting. Good when you want something warming. No product price found on oliviks.com or export scan; final price still needs owner confirmation.', 'Price TBC', '/images/legacy/assorted-pepper-soup.png', array['placeholder', 'Warming']::text[], true, false, 6) on conflict (id) do update set category_id = excluded.category_id, name = excluded.name, description = excluded.description, price_label = excluded.price_label, image_url = excluded.image_url, tags = excluded.tags, is_available = excluded.is_available, is_featured = excluded.is_featured, sort_order = excluded.sort_order, updated_at = now();
insert into public.menu_items (id, category_id, name, description, price_label, image_url, tags, is_available, is_featured, sort_order) values ('01e6dc6c-051b-5e2c-8324-06987c64c6bc'::uuid, 'sides', 'Fried Yam', 'Slices of yam fried until crisp outside and soft inside. Simple and satisfying. Good with pepper sauce, fish, or meat.', '3,500 Ft', null, '{}'::text[], true, false, 0) on conflict (id) do update set category_id = excluded.category_id, name = excluded.name, description = excluded.description, price_label = excluded.price_label, image_url = excluded.image_url, tags = excluded.tags, is_available = excluded.is_available, is_featured = excluded.is_featured, sort_order = excluded.sort_order, updated_at = now();
insert into public.menu_items (id, category_id, name, description, price_label, image_url, tags, is_available, is_featured, sort_order) values ('b0af2364-f9c8-543a-8a5b-cb64da6fc731'::uuid, 'sides', 'Fried beef', 'Seasoned beef, fried and full of flavor. Add it to rice or eat it on its own.', '1,500 Ft', null, '{}'::text[], true, false, 1) on conflict (id) do update set category_id = excluded.category_id, name = excluded.name, description = excluded.description, price_label = excluded.price_label, image_url = excluded.image_url, tags = excluded.tags, is_available = excluded.is_available, is_featured = excluded.is_featured, sort_order = excluded.sort_order, updated_at = now();
insert into public.menu_items (id, category_id, name, description, price_label, image_url, tags, is_available, is_featured, sort_order) values ('c73015b3-9c53-5b47-a79d-0e0f0b41f80f'::uuid, 'sides', 'Grilled Chicken Thigh', 'Chicken thigh, seasoned and grilled until juicy. Pairs well with jollof, fried rice, or plantain.', '2,000 Ft', null, '{}'::text[], true, false, 2) on conflict (id) do update set category_id = excluded.category_id, name = excluded.name, description = excluded.description, price_label = excluded.price_label, image_url = excluded.image_url, tags = excluded.tags, is_available = excluded.is_available, is_featured = excluded.is_featured, sort_order = excluded.sort_order, updated_at = now();
insert into public.menu_items (id, category_id, name, description, price_label, image_url, tags, is_available, is_featured, sort_order) values ('680dbb4f-4cf9-5e17-acb7-d1c0f7d93a5d'::uuid, 'sides', 'Suya sticks', 'Grilled beef skewers coated in a bold peanut and pepper spice blend. This is our hottest item, but still easy to enjoy. Smoky and hard to stop eating.', '1,500 Ft', null, array['popular', 'Our hottest']::text[], true, true, 3) on conflict (id) do update set category_id = excluded.category_id, name = excluded.name, description = excluded.description, price_label = excluded.price_label, image_url = excluded.image_url, tags = excluded.tags, is_available = excluded.is_available, is_featured = excluded.is_featured, sort_order = excluded.sort_order, updated_at = now();
insert into public.menu_items (id, category_id, name, description, price_label, image_url, tags, is_available, is_featured, sort_order) values ('0f2ab8aa-c344-504f-b1f7-c50e3c937e89'::uuid, 'sides', 'Poundo Swallow', 'A smooth, soft swallow in the style of pounded yam. The soft side you use to scoop soup. Order it with egusi, oha, or ogbono.', '1,200 Ft', null, '{}'::text[], true, false, 4) on conflict (id) do update set category_id = excluded.category_id, name = excluded.name, description = excluded.description, price_label = excluded.price_label, image_url = excluded.image_url, tags = excluded.tags, is_available = excluded.is_available, is_featured = excluded.is_featured, sort_order = excluded.sort_order, updated_at = now();
insert into public.menu_items (id, category_id, name, description, price_label, image_url, tags, is_available, is_featured, sort_order) values ('a22d77c0-174d-5f08-8c24-2b7270d9f395'::uuid, 'sides', 'Eba', 'A firm Nigerian swallow made from garri. Pairs perfectly with rich soups like egusi and ogbono.', '1,200 Ft', null, '{}'::text[], true, false, 5) on conflict (id) do update set category_id = excluded.category_id, name = excluded.name, description = excluded.description, price_label = excluded.price_label, image_url = excluded.image_url, tags = excluded.tags, is_available = excluded.is_available, is_featured = excluded.is_featured, sort_order = excluded.sort_order, updated_at = now();
insert into public.menu_items (id, category_id, name, description, price_label, image_url, tags, is_available, is_featured, sort_order) values ('35989f1b-bdaa-5ec3-8e67-10b3a74e21a6'::uuid, 'snacks', 'Meat Pie', 'A baked pastry filled with seasoned minced meat and vegetables. Satisfying on its own. Easy to love on a first visit.', '1,500 Ft', null, '{}'::text[], true, false, 0) on conflict (id) do update set category_id = excluded.category_id, name = excluded.name, description = excluded.description, price_label = excluded.price_label, image_url = excluded.image_url, tags = excluded.tags, is_available = excluded.is_available, is_featured = excluded.is_featured, sort_order = excluded.sort_order, updated_at = now();
insert into public.menu_items (id, category_id, name, description, price_label, image_url, tags, is_available, is_featured, sort_order) values ('20f3d474-69b1-5671-8cec-e106422d65b2'::uuid, 'snacks', 'Coconut peanut', 'A crunchy peanut and coconut snack. Lightly sweet and easy to share.', '1,500 Ft', null, '{}'::text[], true, false, 1) on conflict (id) do update set category_id = excluded.category_id, name = excluded.name, description = excluded.description, price_label = excluded.price_label, image_url = excluded.image_url, tags = excluded.tags, is_available = excluded.is_available, is_featured = excluded.is_featured, sort_order = excluded.sort_order, updated_at = now();
insert into public.menu_items (id, category_id, name, description, price_label, image_url, tags, is_available, is_featured, sort_order) values ('f872c9e6-f554-5a04-8792-efc2cc33925d'::uuid, 'snacks', 'Spicy kuli kuli (one pack)', 'Kuli kuli is a crunchy, spiced peanut snack. Peppery and moreish. Good on its own or alongside a meal.', '2,000 Ft', null, array['Peppery']::text[], true, false, 2) on conflict (id) do update set category_id = excluded.category_id, name = excluded.name, description = excluded.description, price_label = excluded.price_label, image_url = excluded.image_url, tags = excluded.tags, is_available = excluded.is_available, is_featured = excluded.is_featured, sort_order = excluded.sort_order, updated_at = now();
insert into public.menu_items (id, category_id, name, description, price_label, image_url, tags, is_available, is_featured, sort_order) values ('2aac7975-a4df-5372-b11f-042251dea6b0'::uuid, 'snacks', 'Fried Plantain', 'Ripe plantain fried until golden and caramelized. Soft and sweet. The easy balance to anything peppery.', '2,500 Ft', null, array['popular']::text[], true, true, 3) on conflict (id) do update set category_id = excluded.category_id, name = excluded.name, description = excluded.description, price_label = excluded.price_label, image_url = excluded.image_url, tags = excluded.tags, is_available = excluded.is_available, is_featured = excluded.is_featured, sort_order = excluded.sort_order, updated_at = now();
insert into public.menu_items (id, category_id, name, description, price_label, image_url, tags, is_available, is_featured, sort_order) values ('963f7cb3-3734-567c-b894-b8e8db923668'::uuid, 'snacks', 'Puff Puff', 'Small fried dough bites, lightly sweet and golden. Easy to love. Good as a first snack, even better after something peppery.', '2,200 Ft', null, array['popular']::text[], true, true, 4) on conflict (id) do update set category_id = excluded.category_id, name = excluded.name, description = excluded.description, price_label = excluded.price_label, image_url = excluded.image_url, tags = excluded.tags, is_available = excluded.is_available, is_featured = excluded.is_featured, sort_order = excluded.sort_order, updated_at = now();
insert into public.menu_items (id, category_id, name, description, price_label, image_url, tags, is_available, is_featured, sort_order) values ('e847b022-b4be-5eb1-9895-23af57341e84'::uuid, 'snacks', 'Plantain chips', 'Thin, crisp plantain chips. Lightly salted and snackable.', '1,000 Ft', null, '{}'::text[], true, false, 5) on conflict (id) do update set category_id = excluded.category_id, name = excluded.name, description = excluded.description, price_label = excluded.price_label, image_url = excluded.image_url, tags = excluded.tags, is_available = excluded.is_available, is_featured = excluded.is_featured, sort_order = excluded.sort_order, updated_at = now();
insert into public.menu_items (id, category_id, name, description, price_label, image_url, tags, is_available, is_featured, sort_order) values ('f85ce23a-944b-5eaf-97a8-2b420b68bb6f'::uuid, 'snacks', 'Chin Chin', 'Crunchy fried dough made with flour, sugar, milk, and eggs. Lightly sweet and easy to snack on. Good on its own or with a drink.', '1,500 Ft', null, '{}'::text[], true, false, 6) on conflict (id) do update set category_id = excluded.category_id, name = excluded.name, description = excluded.description, price_label = excluded.price_label, image_url = excluded.image_url, tags = excluded.tags, is_available = excluded.is_available, is_featured = excluded.is_featured, sort_order = excluded.sort_order, updated_at = now();
insert into public.menu_items (id, category_id, name, description, price_label, image_url, tags, is_available, is_featured, sort_order) values ('494e29cb-5b11-5f54-9896-d0fe45bad8f9'::uuid, 'snacks', 'Fish roll', 'Baked dough rolled around a deboned mackerel filling. Savory and satisfying. A good handheld snack.', '1,500 Ft', null, '{}'::text[], true, false, 7) on conflict (id) do update set category_id = excluded.category_id, name = excluded.name, description = excluded.description, price_label = excluded.price_label, image_url = excluded.image_url, tags = excluded.tags, is_available = excluded.is_available, is_featured = excluded.is_featured, sort_order = excluded.sort_order, updated_at = now();
insert into public.menu_items (id, category_id, name, description, price_label, image_url, tags, is_available, is_featured, sort_order) values ('58b24f4f-1928-5e84-a1da-66f2386e3f4c'::uuid, 'snacks', 'Abacha and Fish', 'Shredded cassava salad served with fish. Export order evidence shows Abacha and Fish with hot pepper stew ordered at 7,500 Ft.', '7,500 Ft', '/images/legacy/abacha-and-fish.png', array['popular']::text[], true, true, 8) on conflict (id) do update set category_id = excluded.category_id, name = excluded.name, description = excluded.description, price_label = excluded.price_label, image_url = excluded.image_url, tags = excluded.tags, is_available = excluded.is_available, is_featured = excluded.is_featured, sort_order = excluded.sort_order, updated_at = now();
insert into public.menu_items (id, category_id, name, description, price_label, image_url, tags, is_available, is_featured, sort_order) values ('e4d88233-98c0-5ecf-8185-5d8a7ec54929'::uuid, 'drinks', 'Chilled Zobo Drink', 'A chilled hibiscus drink with ginger, cloves, and cinnamon. Tart and refreshing. A Nigerian favorite.', '1,500 Ft', null, '{}'::text[], true, false, 0) on conflict (id) do update set category_id = excluded.category_id, name = excluded.name, description = excluded.description, price_label = excluded.price_label, image_url = excluded.image_url, tags = excluded.tags, is_available = excluded.is_available, is_featured = excluded.is_featured, sort_order = excluded.sort_order, updated_at = now();
insert into public.menu_items (id, category_id, name, description, price_label, image_url, tags, is_available, is_featured, sort_order) values ('5c017d34-bf83-51e7-af2e-c52cc84a96f9'::uuid, 'drinks', 'Chilled Malt 330 ml', 'A chilled non-alcoholic malt drink. Rich and slightly sweet.', '1,500 Ft', null, '{}'::text[], true, false, 1) on conflict (id) do update set category_id = excluded.category_id, name = excluded.name, description = excluded.description, price_label = excluded.price_label, image_url = excluded.image_url, tags = excluded.tags, is_available = excluded.is_available, is_featured = excluded.is_featured, sort_order = excluded.sort_order, updated_at = now();
insert into public.menu_items (id, category_id, name, description, price_label, image_url, tags, is_available, is_featured, sort_order) values ('23a107db-cab3-55cd-8e36-5fbc72a22ef3'::uuid, 'drinks', 'V-soy multi grain drink', 'A chilled multi-grain soy drink. Smooth and lightly sweet.', '1,500 Ft', null, '{}'::text[], true, false, 2) on conflict (id) do update set category_id = excluded.category_id, name = excluded.name, description = excluded.description, price_label = excluded.price_label, image_url = excluded.image_url, tags = excluded.tags, is_available = excluded.is_available, is_featured = excluded.is_featured, sort_order = excluded.sort_order, updated_at = now();
insert into public.menu_items (id, category_id, name, description, price_label, image_url, tags, is_available, is_featured, sort_order) values ('dfdb708e-c803-5d05-9b69-19dc56742c1e'::uuid, 'drinks', 'Fanta 330 ml', 'Chilled orange soft drink. 330 ml.', '1,000 Ft', null, '{}'::text[], true, false, 3) on conflict (id) do update set category_id = excluded.category_id, name = excluded.name, description = excluded.description, price_label = excluded.price_label, image_url = excluded.image_url, tags = excluded.tags, is_available = excluded.is_available, is_featured = excluded.is_featured, sort_order = excluded.sort_order, updated_at = now();
insert into public.menu_items (id, category_id, name, description, price_label, image_url, tags, is_available, is_featured, sort_order) values ('a59bd04d-3299-53dc-8c69-d7e0d1cfc815'::uuid, 'drinks', 'Coca-Cola Cherry Coke 330 ml', 'Chilled Cherry Coke. 330 ml.', '1,000 Ft', null, '{}'::text[], true, false, 4) on conflict (id) do update set category_id = excluded.category_id, name = excluded.name, description = excluded.description, price_label = excluded.price_label, image_url = excluded.image_url, tags = excluded.tags, is_available = excluded.is_available, is_featured = excluded.is_featured, sort_order = excluded.sort_order, updated_at = now();

commit;

-- Seed summary: 5 categories, 30 items.
