batch_id,wave,prospect_id,company,contact,to,subject,body,evidence,source_status,approval_state,sending_authority,follow_up_1_due,follow_up_2_due
BW-OUTREACH-2026-07-26,priority,BW-P-3a8f2eabcb,Homever,Betti,info@homever.hu,One visible trust issue on Homever's English homepage,"Hi Betti,

I was reviewing Budapest property management firms and noticed one visible issue on Homever's English homepage.

The site has strong proof: 100+ managed properties, 98% tenant retention, and 95% on-time rent payments. But the earlier `Landlord's Recommendation` counter currently reads `0+`.

That may weaken trust before a landlord reaches the stronger numbers further down the page. I noted three small fixes around that proof and enquiry path.

Happy to send them if useful.

Best,
Emmanuel Ehigbai
BridgeWorks
office@bridgeworks.agency",https://homever.hu/en/,drafted-awaiting-approval,awaiting_explicit_approval,none,set only after verified send + 3 business days,set only after verified send + 7 business days
BW-OUTREACH-2026-07-26,priority,BW-P-c1c1e9c216,Crystal Property Management,"Eszter Solymar, Managing Director",info@crystalproperty.hu,Two small English-site trust leaks at Crystal Property,"Hi Eszter,

I was reviewing Budapest property managers that serve foreign investors and noticed two small trust leaks on Crystal Property's English site.

The navigation says `Property Mangement Services`. The managing-director email is also displayed as `eszter.solymar@crystalproperty`, without the `.hu` ending.

Both are small, but they sit in places where an overseas owner is deciding whether the company feels careful enough to manage a valuable asset.

I noted three practical fixes. Happy to send them if useful.

Best,
Emmanuel Ehigbai
BridgeWorks
office@bridgeworks.agency",https://crystalproperty.hu/,drafted-awaiting-approval,awaiting_explicit_approval,none,set only after verified send + 3 business days,set only after verified send + 7 business days
BW-OUTREACH-2026-07-26,priority,BW-P-5a877539d2,Premier Property Management,"Kata Zabeczki, Managing Director",kata@ppmgt.hu,Small trust issue on Premier's property management site,"Hi Kata,

I was reviewing Budapest property management firms and noticed one small trust issue on Premier's site.

The footer currently spells the company name as `Premier Propery Management Ltd.`. The homepage also leads with a best-service claim, but the strongest proof is not visible beside that claim.

This looks like a small proof and enquiry-path cleanup, not a rebuild. I noted three practical fixes.

Happy to send them if useful.

Best,
Emmanuel Ehigbai
BridgeWorks
office@bridgeworks.agency",https://premierpropertymanagement.hu/,drafted-awaiting-approval,awaiting_explicit_approval,none,set only after verified send + 3 business days,set only after verified send + 7 business days
BW-OUTREACH-2026-07-26,priority,BW-P-3c39f4b741,Loffice,Loffice Budapest team,hello@loffice.hu,Two outdated offers on Loffice's current coworking page,"Hi Loffice team,

I was comparing Budapest coworking options and noticed two items on your current English booking page that may create uncertainty.

The page still presents the 1 HUF COVID-19 small-business offer, and the FAQ lists an `Loffice15` discount that expired on 31 December 2024. They sit beside current packages and a 2026 copyright.

The offer itself is strong. This looks like a small content-governance and booking-path cleanup so buyers can tell immediately what is current.

I noted three practical fixes. Happy to send them if useful.

Best,
Emmanuel Ehigbai
BridgeWorks
office@bridgeworks.agency",https://loffice.hu/budapest/en/coworking/index.php,drafted-awaiting-approval,awaiting_explicit_approval,none,set only after verified send + 3 business days,set only after verified send + 7 business days
BW-OUTREACH-2026-07-26,priority,BW-P-82c5eb5270,Rentify.hu,"Adam Ribarics, Managing Director",hello@rentify.hu,Small trust gap on Rentify's English landlord page,"Hi Adam,

I was reviewing Budapest property managers serving international owners and noticed a small trust gap on Rentify's English page.

The page makes consequential claims about empty-property cost and rent arrears, but no source is visible beside them. Nearby copy includes `Proactivness`, `resolve all problem`, and `commited`.

The service proposition is strong. Tightening the proof and English copy could make it feel as careful as the property-management process itself.

I noted three practical fixes. Happy to send them if useful.

Best,
Emmanuel Ehigbai
BridgeWorks
office@bridgeworks.agency",https://rentify.hu/en/,drafted-awaiting-approval,awaiting_explicit_approval,none,set only after verified send + 3 business days,set only after verified send + 7 business days
BW-OUTREACH-2026-07-26,priority,BW-P-7988fb301a,NYOLCAS.COM,Nyolcas.com team,info@nyolcas.com,Conflicting property-management proof on Nyolcas.com,"Hi Nyolcas.com team,

I was reviewing Budapest property managers and noticed one proof inconsistency on your English landlord page.

The top of the page says `1400+ managed flats`, while a proof counter shortly below says `400 managed flats`. Both sit beside strong ratings and landlord guarantees.

For an overseas owner comparing providers, that difference may make the strongest proof harder to trust. This looks like a small proof and copy cleanup, not a rebuild.

I noted three practical fixes. Happy to send them if useful.

Best,
Emmanuel Ehigbai
BridgeWorks
office@bridgeworks.agency",https://www.nyolcas.com/en/property-management/,drafted-awaiting-approval,awaiting_explicit_approval,none,set only after verified send + 3 business days,set only after verified send + 7 business days
BW-OUTREACH-2026-07-26,priority,BW-P-5141c7f1fc,Interhaz,Interhaz team,info@interhaz.hu,A clearer international-owner path for Interhaz,"Hi Interhaz team,

I was reviewing Budapest condominium managers and noticed a small opportunity in the English decision path.

Your service has a strong foundation: 20+ years of project management experience and economic, technical, and legal expertise. The appointment process is detailed, but an international owner or residents' group may have to work hard to understand the next step.

A simple `how to change condominium manager` path could make that decision feel safer without changing the underlying site.

I noted three practical fixes. Happy to send them if useful.

Best,
Emmanuel Ehigbai
BridgeWorks
office@bridgeworks.agency",https://interhaz.hu/en/; detailed review recorded 2026-06-23. Current automated recheck was blocked by the site's anti-bot layer.,drafted-awaiting-approval,awaiting_explicit_approval,none,set only after verified send + 3 business days,set only after verified send + 7 business days
BW-OUTREACH-2026-07-26,priority,BW-P-a7ef4dd95b,Takarito Kommando,Takarito Kommando team,takaritokommando@gmail.com,One contact-path inconsistency for international cleaning enquiries,"Hi Takarito Kommando team,

I was reviewing Budapest commercial cleaning firms and noticed one small contact-path inconsistency.

The Hungarian site lists `takaritokommando@gmail.com`, while the English Cleaning Commando site lists `office.cleaningcommando@gmail.com`. Both present the same Hungarian business and service history.

For an international office or facility buyer, two brand and email routes can create uncertainty about which one is current.

I noted three small fixes that could make the B2B enquiry path clearer. Happy to send them if useful.

Best,
Emmanuel Ehigbai
BridgeWorks
office@bridgeworks.agency",https://www.takaritokommando.hu/ and https://www.cleaningcommando.com/about-us,drafted-awaiting-approval,awaiting_explicit_approval,none,set only after verified send + 3 business days,set only after verified send + 7 business days
BW-OUTREACH-2026-07-26,priority,BW-P-7a9f82b3e4,FirstClean,FirstClean team,office@firstclean.hu,Template leftovers on FirstClean's English homepage,"Hi FirstClean team,

I was reviewing Budapest commercial cleaning firms and noticed a few template leftovers on FirstClean's English homepage.

The page contains a `To Let / For Sale` property filter near the top, a visible `Section title`, and `COMPANY HEADQUEARTERS` in the proof section. That sits beside strong commercial references and detailed equipment proof.

Removing those leftovers could make the English buyer journey feel as polished as the service evidence already on the page.

I noted three practical fixes. Happy to send them if useful.

Best,
Emmanuel Ehigbai
BridgeWorks
office@bridgeworks.agency",https://firstclean.hu/home,drafted-awaiting-approval,awaiting_explicit_approval,none,set only after verified send + 3 business days,set only after verified send + 7 business days
BW-OUTREACH-2026-07-26,priority,BW-P-b72e5df668,Budapest Dental Solutions,"Gabor Hajas, Clinic Manager",hello@budapestdentalsolutions.com,Small English trust leaks on your international-patient page,"Hi Gabor,

I was reviewing Budapest clinics serving international patients and noticed several small English trust leaks on your main credibility page.

The page speaks directly to nervous patients and presents 15+ years of dental-tourism experience, but visible copy includes `comprimise`, `eye for detial`, `gurantee`, and `Privacy Policiy`.

The clinical offer may be strong. Cleaning up those high-trust moments could make the first impression match the patient support you describe.

I noted three practical fixes. Happy to send them if useful.

Best,
Emmanuel Ehigbai
BridgeWorks
office@bridgeworks.agency",https://www.budapestdentalsolutions.com/about-us,drafted-awaiting-approval,awaiting_explicit_approval,none,set only after verified send + 3 business days,set only after verified send + 7 business days
BW-OUTREACH-2026-07-26,priority,BW-P-dc66c74926,Denteo,Denteo team,info@denteo.hu,Two translation leaks on Denteo's English homepage,"Hi Denteo team,

I was reviewing Budapest dental clinics with English patient journeys and noticed two translation leaks on Denteo's English homepage.

The top opening-hours strip remains in Hungarian, and the `Multidisciplinary Approach` block describes mental-health and emotional-wellbeing support rather than the dental offer around it.

Both are small, but they appear early in a page designed to reassure English-speaking patients.

I noted three practical fixes. Happy to send them if useful.

Best,
Emmanuel Ehigbai
BridgeWorks
office@bridgeworks.agency",https://denteo.hu/en/,drafted-awaiting-approval,awaiting_explicit_approval,none,set only after verified send + 3 business days,set only after verified send + 7 business days
BW-OUTREACH-2026-07-26,priority,BW-P-754d7a5774,Dental Care Hungary,Dental Care Hungary team,office@dental-care-hungary.com,Empty proof counters on Dental Care Hungary's homepage,"Hi Dental Care Hungary team,

I was reviewing Budapest dental-tourism providers and noticed one visible proof issue on your homepage.

The page describes a network of 40+ clinics serving thousands of dental tourists, but the proof counters currently show `0+ partner dentists`, `0 implants placed`, and `0+ hotels available`.

Those counters may weaken the scale claim precisely where an overseas patient is looking for reassurance.

I noted three small proof and enquiry-path fixes. Happy to send them if useful.

Best,
Emmanuel Ehigbai
BridgeWorks
office@bridgeworks.agency",https://dental-care-hungary.com/,drafted-awaiting-approval,awaiting_explicit_approval,none,set only after verified send + 3 business days,set only after verified send + 7 business days
BW-OUTREACH-2026-07-26,test,BW-P-54b58d17bb,Gurcan Partners,"Dr. Bedrettin Gurcan, Founding Partner",info@gurcanpartners.com,Small trust issue in Gurcan Partners' legal navigation,"Hi Bedrettin,

I was reviewing Budapest firms serving international business clients and noticed one small trust issue in Gurcan Partners' main navigation.

The site currently labels a key service `Business Imigration`. Because the firm presents a broad international office network, that typo appears in a high-trust decision area for cross-border clients.

This is not a website-rebuild issue. I noted three small authority and enquiry-path improvements around the same journey.

Happy to send them if useful.

Best,
Emmanuel Ehigbai
BridgeWorks
office@bridgeworks.agency",https://gurcanpartners.com/contact-us/,drafted-awaiting-approval-test,awaiting_explicit_approval,none,set only after verified send + 3 business days,set only after verified send + 7 business days
BW-OUTREACH-2026-07-26,test,BW-P-3d623e0916,FRAME Group,FRAME Group team,home@frame.hu,Conflicting contact details on FRAME Group's English site,"Hi FRAME Group team,

I was reviewing Budapest facility-management firms and noticed conflicting contact details on FRAME Group's English site.

The dedicated contact page shows `home@frame.com`, +36 30 676 1975, and Vaci ut 91. Its header and footer show `home@frame.hu`, +36 30 290 33 33, and Vaci ut 76.

The facility-management page has strong proof, including 40 years of experience and 259,390 square metres under active management. Aligning the contact details would protect that credibility at the enquiry point.

I noted three practical fixes. Happy to send them if useful.

Best,
Emmanuel Ehigbai
BridgeWorks
office@bridgeworks.agency",https://frame.hu/en/contact/ and https://frame.hu/en/services/facility-management/,drafted-awaiting-approval-test,awaiting_explicit_approval,none,set only after verified send + 3 business days,set only after verified send + 7 business days
BW-OUTREACH-2026-07-26,test,BW-P-d6a17ad341,Rustler Hungary,"Zsolt Zeleznik, Head of Facility Management",zeleznik@rustler.eu,A lighter first step for Rustler's FM enquiries,"Hi Zsolt,

I was reviewing Budapest facility-management firms and noticed a small enquiry-path opportunity on Rustler's English page.

The page credibly covers condominiums, offices, industrial sites, and commercial properties, then presents a broad list of technical, cleaning, support, security, and energy services.

A lighter first consultation route by property type could help a qualified buyer move from that breadth to the right next step more quickly.

I noted three practical improvements. Happy to send them if useful.

Best,
Emmanuel Ehigbai
BridgeWorks
office@bridgeworks.agency",https://rustler.hu/en/facility-management/,drafted-awaiting-approval-test,awaiting_explicit_approval,none,set only after verified send + 3 business days,set only after verified send + 7 business days
